test_name,test_comments,test_item_number,concept_school_level,concept_grade_level,concept_semester,concept_chapter_name,concept_achievement_name,concept_name,concept_description
진단평가1,"초등학교 전과정",1,초등,초5,2학기,"수의 범위와 어림하기 > 수의 범위를 활용하여 문제를 해결해 볼까요","실생활 장면에서 이상, 이하, 초과, 미만의 의미와 쓰임을 알고, 이를 활용하여 수의 범위를 나타낼 수 있다.","수의 범위 수직선에 나타내기","두 가지 수의 범위를 이상, 이하, 초과, 미만을 혼합하여 동시에 수직선에 나타내면 다음과 같습니다.
이상과 이하는 채워진 동그라미로 수직선에 표시하고 초과와 미만은 빈 동그라미로 수직선에 표시합니다."
진단평가1,"초등학교 전과정",2,초등,초6,1학기,"여러 가지 그래프 > 띠그래프를 알아볼까요","주어진 자료를 띠그래프와 원그래프로 나타낼 수 있다.",띠그래프,"전체에 대한 각 부분의 비율을 띠 모양에 나타낸 그래프를 띠그래프라고 합니다.
- 띠그래프는 전체에 대한 각 부분의 비율을 한눈에 알아볼 수 있습니다."
진단평가1,"초등학교 전과정",3,초등,초4,2학기,"사각형 > 평행사변형을 알아볼까요","여러 가지 모양의 사각형에 대한 분류 활동을 통하여 사다리꼴, 평행사변형, 마름모를 알고, 그 성질을 이해한다.",평행사변형,"평행사변형: 마주 보는 두 쌍의 변이 서로 평행한 사각형"
진단평가1,"초등학교 전과정",4,초등,초2,2학기,"곱셈구구 > 1단 곱셈구구와 0의 곱을 알아볼까요","곱셈구구를 이해하고, 한자릿수의 곱셈을 할 수 있다.","1의 단 곱셈구구","1과 어떤 수의 곱은 항상 어떤 수입니다. → 1×(어떤 수)=(어떤 수)"
진단평가1,"초등학교 전과정",5,초등,초5,1학기,"약수와 배수 > 공배수와 최소공배수를 구해 볼까요","공배수, 최소공배수의 의미를 알고 구할 수 있다.",공배수,"두 수의 공통된 배수"
진단평가1,"초등학교 전과정",6,초등,초5,1학기,"규칙과 대응 > 생활 속에서 대응 관계를 찾아 식으로 나타내어 볼까요","한 양이 변할 때 다른 양이 그에 종속하여 변하는 대응 관계를 나타낸 표에서 규칙을 찾아 설명하고, □, △ 등을 사용하여 식으로 나타낼 수 있다.","생활 속에서 대응 관계를 찾아 식으로 나타내기","? [서로 관계가 있는 두 양] : '접시의 수'(기호: ○) / '딸기의 수'(기호: □)
→ [대응 관계] : 접시의 수를 5배 한 수만큼 딸기가 있습니다.
→ [대응 관계를 나타낸 식]: $○	imes5=□$ 또는 $□div5=○$
? [서로 관계가 있는 두 양] : '포크의 수'(기호: △) / '접시의 수'(기호: ☆)
→ [대응 관계] : 포크의 수를 2로 나눈 수만큼 접시가 있습니다.
→ [대응 관계를 나타낸 식] : $△div2=☆$"
진단평가1,"초등학교 전과정",7,초등,초4,1학기,"규칙 찾기 > 계산식에서 규칙을 찾아볼까요 (1)","규칙적인 계산식의 배열에서 계산 결과의 규칙을 찾고, 계산 결과를 추측 할 수 있다.","계산식에서 규칙 찾기(1)","덧셈식과 뺄셈식을 이용하여 규칙을 찾는다."
진단평가1,"초등학교 전과정",8,초등,초6,1학기,"각기둥과 각뿔 > 각뿔을 알아볼까요 (1)","각뿔을 알고, 구성 요소와 성질을 이해한다.","각뿔의 밑면과 옆면","각뿔에서 바닥 면을 밑면이라 하고, 밑면과 만나는 면을 옆면이라고 합니다.
이때 각뿔의 옆면은 모두 삼각형입니다."
진단평가1,"초등학교 전과정",9,초등,초4,2학기,"삼각형 > 삼각형을 두 가지 기준으로 분류해 볼까요","여러 가지 모양의 삼각형에 대한 분류 활동을 통하여 예각삼각형과 둔각삼각형을 이해한다.","삼각형을 두 가지 기준으로 분류하기(2)","삼각형을 각의 크기에 따라 분류하기
-세 각이 모두 예각인 삼각형(예각삼각형)
-한 각이 둔각인 삼각형(둔각삼각형)"
진단평가1,"초등학교 전과정",10,초등,초1,2학기,"덧셈과 뺄셈(1) > 덧셈을 해 볼까요 (1)","두 자릿수의 범위에서 받아 올림이 없는 덧셈과 받아 내림이 없는 뺄셈의 계산 원리를 이해하고, 그 계산을 할 수 있다.","받아 올림이 없는 (몇십 몇)
+ (몇)","낱개의 수끼리 더한 다음 10개씩 묶음의 수를 그대로 내려씁시다."
진단평가1,"초등학교 전과정",11,초등,초1,1학기,"9까지의 수 > 1만큼 더 큰 수와 1만큼 더 작은 수는 무엇일까요","50까지의 수의 계열을 이해하고, 수의 크기를 비교할 수 있다.",0,"아무것도 없는 것을 0이라 쓰고 영이라고 읽습니다.
0은 1보다 1작은 수 입니다."
진단평가1,"초등학교 전과정",12,초등,초6,1학기,"비와 비율 > 두 수를 비교해 볼까요","두 양의 크기를 비교하는 상황을 통해 비의 개념을 이해하고, 그 관계를 비로 나타낼 수 있다.","두 양의 크기 비교하기","방법1: 뺄셈으로 비교하기
방법2: 나눗셈으로 비교하기"
진단평가1,"초등학교 전과정",13,초등,초3,1학기,"덧셈과 뺄셈 > 뺄셈을 해 볼까요 (2)","받아 내림이 있는 (세 자릿수)-(세 자릿수)의 계산 원리를 이해하고 그 계산을 할 수 있다.","받아 내림이 한 번 있는 $(세 자릿수)-(세 자릿수)$","1. 각 자리의 숫자를 맞추어 적습니다.
2. 일의 자리, 십의 자리, 백의 자리 순서로 뺀 값을 차례로 적습니다. 이때 십의 자리에서 받아 내림이 있으면 일의 자리에, 백의 자리에서 받아 내림이 있으면 십의 자리에 받아내려 계산합니다."
진단평가1,"초등학교 전과정",14,초등,초2,2학기,"길이 재기 > 길이의 차를 구해 볼까요","실생활 문제 상황을 통하여 길이의 덧셈과 뺄셈을 이해한다.","길이의 차 구하기","(1) m는 m끼리, cm는 cm끼리 자리를 맞추어 씁니다.
(2) cm끼리 뺍니다.
(3) m끼리 뺍니다."
진단평가1,"초등학교 전과정",15,초등,초1,2학기,"덧셈과 뺄셈(1) > 덧셈을 해 볼까요 (3)","덧셈과 뺄셈의 관계를 이해한다.","10을 이용하여 가르기","10개를 담고 남은 모형이 몇 개인지 알아보기"
진단평가1,"초등학교 전과정",16,초등,초6,1학기,"소수의 나눗셈 > (소수)÷(자연수)를 알아볼까요 (4)","‘(자연수)/(자연수)’, ‘(소수)/(자연수)’에서 나눗셈의 몫을 소수로 나타낼 수 있다.","소수점 아래 0을 내려 계산해야하는 $(소수)div(자연수)$","방법1: 분수의 나눗셈으로 바꾸어 계산합니다.
방법2: 자연수의 나눗셈을 이용하여 계산합니다.
방법3: 세로로 계산합니다. 이때 나누어떨어지지 않는 경우 나누어지는 소수의 오른쪽 끝자리에 0이 있는 것으로 생각하고 0을 하나 내려 계산합니다."
진단평가1,"초등학교 전과정",17,초등,초6,1학기,"직육면체의 부피와 겉넓이 > 직육면체의 부피를 구하는 방법을 알아볼까요","부피를 이해하고, 1cm^3, 1m^3의 단위를 알며, 그 관계를 이해한다.","부피가 $1cm^3$인 쌓기나무의 수를 세어 직육면체의 부피 구하기","부피가 $1cm^3$인 쌓기나무의 수: 12개
→ 직육면체의 부피: $12cm^3$"
진단평가1,"초등학교 전과정",18,초등,초6,2학기,"원기둥, 원뿔, 구 > 원뿔을 알아볼까요","원뿔과 구를 알고, 구성요소와 성질을 이해한다.","원뿔의 구성 요소","원뿔에서 원뿔의 꼭짓점과 밑면인 원의 둘레의 한 점을 이은 선분을 모선이라고 합니다. 원뿔의 꼭짓점에서 밑면에 수직인 선분의 길이를 높이라고 합니다."
진단평가1,"초등학교 전과정",19,초등,초3,2학기,"들이와 무게 > 들이의 단위는 무엇일까요","1L와 1mL의 관계를 이해하고, 들이를 단명수와 복명수로 표현할 수 있다.","몇 L 몇 mL와 몇 mL로 나타내기","1L보다 300mL 더 많은 들이를 1L 300mL라 쓰고 1리터 300밀리리터라고 읽는다.
$1L300mL=1300mL$"
진단평가1,"초등학교 전과정",20,초등,초6,1학기,"각기둥과 각뿔 > 각기둥의 전개도를 그려 볼까요","각기둥의 전개도를 그릴 수 있다.","각기둥의 전개도 그리기","각기둥의 전개도는 여러 가지 방법으로 그릴 수 있습니다. 
각기둥의 전개도를 그릴 때 주의할 점
- 잘리지 않은 모서리는 점선, 잘린 모서리는 실선으로 그립니다.
- 한 밑면의 변의 수와 옆면의 수를 같게 그립니다.
- 전개도를 접었을 때 서로 맞닿는 선분의 길이를 같게 그립니다.
- 전개도를 접었을 때 서로 겹쳐지는 면이 없게 그립니다."
진단평가2,"중학교 1학년",1,중등,중1,2학기,"기본도형 > 기본도형 > 각의 성질","점, 선, 면, 각을 이해하고, 점, 직선, 평면의 위치 관계를 설명할 수 있다.",각,"(1) 각: 한 점 O에서 시작하는 두 반직선 OA, OB로 이루어진 도형
(2) 각의 기호:$angle AOB,angle BOA,angle O,angle a$와 같이 나타낸다.
(3) 각의 크기:$angle AOB$에서 꼭짓점 O를 중심으로 $overrightarrow{OA}$와 $overrightarrow{OB}$까지 회전한 양"
진단평가2,"중학교 1학년",2,중등,중1,2학기,"평면도형과 입체도형 > 평면도형의 성질 > 다각형의 내각의 크기의 합","다각형의 내각과 외각의 크기의 합을 구할 수 있다.","정다각형의 한 내각의 크기","(정n각형의 한 내각의 크기)=$frac{180degree	imes(n-2)}{n}$"
진단평가2,"중학교 1학년",3,중등,중1,1학기,"문자와식 > 일차방정식 > 일차방정식의 풀이","일차방정식을 활용하여 문제를 해결할 수 있다.","일차방정식의 활용-증가와 감소에 대한 문제","증가와 감소에 대한 문제
$a$%=$frac{a}{100}$이고 부호를 가진 수에서 증가는 + 부호를, 감소는 - 부호를 사용하여 나타내므로 다음을 이용하여 방정식을 세운다.
1.x가 a% 증가할 때
증가량:$x	imesfrac{a}{100}$
증가한 후의 전체의 양:$x+frac{a}{100}x$
2.x가 b% 감소할 때
감소량:$x	imesfrac{b}{100}$
감소한 후의 전체의 양:$x-frac{b}{100}x$
"
진단평가2,"중학교 1학년",4,중등,중1,1학기,"문자와식 > 일차방정식 > 등식의 성질","등식의 성질을 설명할 수 있다.","등식의 성질","(1)등식의 양변에 같은 수를 더하여도 등식은 성립한다.
$A=B$이면 $A+C=B+C$
(2)등식의 양변에서 같은 수를 빼어도 등식은 성립한다.
$A=B$이면 $A-C=B-C$
(3)등식의 양변에 같은 수를 곱하여도 등식은 성립한다.
$A=B$이면 $AC=BC$
(4)등식의 양변을 0이 아닌 같은 수로 나누어도 등식은 성립한다.
$C
e0$이고 $A=B$이면 $frac{A}{C}=frac{B}{C}$"
진단평가2,"중학교 1학년",5,중등,중1,1학기,"좌표평면과 그래프 > 좌표평면과 그래프 > 순서쌍과 좌표","순서쌍과 좌표를 이해한다.","대칭인 점의 좌표 구하기","점 (a,b)와
(1)x축에 대하여 대칭인 점의 좌표 : y좌표의 부호만 바뀐다.
(2)y축에 대하여 대칭인 점의 좌표 : x좌표의 부호만 바뀐다.
(3)원점에 대하여 대칭인 점의 좌표 : x좌표, y좌표의 부호가 모두 바뀐다."
진단평가2,"중학교 1학년",6,중등,중1,2학기,"기본도형 > 기본도형 > 점, 직선, 평면의 위치 관계","점, 선, 면, 각을 이해하고, 점, 직선, 평면의 위치 관계를 설명할 수 있다.","점과 직선의 위치 관계","(1) 점 $A$가 직선 $l$ 위에 있다.
(2) 점 $B$가 직선 $l$ 위에 있지 않다."
진단평가2,"중학교 1학년",7,중등,중1,1학기,"문자와식 > 문자의 사용과 식의 계산 > 문자를 사용한 식","다양한 상황을 문자를 사용한 식으로 나타낼 수 있다.","곱셈 기호의 생략","(1) $(수)	imes(문자)$ : 곱셈 기호 $	imes$를 생략하고, 수를 문자 앞에 쓴다.
(2) $(문자)	imes(문자)$ : 곱셈 기호 $	imes$를 생략하고, 보통 알파벳 순서로 쓴다.
(3) 같은 문자의 곱 : 거듭제곱으로 나타낸다.
(4) 괄호가 있는 식과 수의 곱 : 곱셈 기호 $	imes$를 생략하고, 수를 괄호 앞에 쓴다."
진단평가2,"중학교 1학년",8,중등,중1,1학기,"수와 연산 > 소인수분해 > 소인수분해","소인수분해의 뜻을 알고, 자연수를 소인수분해 할 수 있다.",소인수분해,"소인수분해는 1보다 큰 자연수를 그 수의 소인수만의 곱으로 나타내는 것이다.
방법(1) : 나누어 떨어지는 소수로 나눈다. 이때 몫이 소수가 될 때까지 나눈다.
방법(2) : 나눈 소수들과 마지막 몫을 곱셈 기호 $	imes$로 연결한다. 이 때 소인수분해한 결과는 보통 크기가 작은 소인수부터 차례로 쓰고, 같은 소인수의 곱은 거듭제곱으로 나타낸다."
진단평가2,"중학교 1학년",9,중등,중1,1학기,"수와연산 > 소인수분해 > 소인수분해","소인수분해의 뜻을 알고, 자연수를 소인수분해 할 수 있다.",밑,"밑은 거듭제곱에서 곱하는 수이다."
진단평가2,"중학교 1학년",10,중등,중1,1학기,"수와 연산 > 소인수분해 > 최소공배수","최대공약수와 최소공배수의 성질을 이해하고, 이를 구할 수 있다.","최소공배수의 활용","다음과 같은 문제는 대부분 최소공배수를 이용하면 쉽게 해결할 수 있다.
(1) 움직이는 간격이 다를 때, 동시에 출발하여 처음으로 다시 만나는 시점에 대한 문제
(2) 일정한 크기의 직육면체를 쌓아 가장 작은 정육면체를 만드는 문제
(3) 몇 개의 자연수로 동시에 나누어 떨어지는 가장 작은 자연수를 구하는 문제"
진단평가2,"중학교 1학년",11,중등,중1,1학기,"좌표평면과 그래프 > 정비례와 반비례 > 반비례","정비례, 반비례 관계를 이해하고, 그 관계를 표, 식, 그래프로 나타낼 수있다.",반비례,"두 변수 x, y에서 x가 2배, 3배, 4배, $cdotcdotcdot$가 됨에 따라 y는 $frac{1}{2}$배, $frac{1}{3}$배, $frac{1}{4}$배, $cdotcdotcdot$가 되는 관계가 있을 때, y는 x에 반비례한다고 한다."
진단평가2,"중학교 1학년",12,중등,중1,2학기,"기본도형 > 기본도형 > 점, 선, 면","점, 선, 면, 각을 이해하고, 점, 직선, 평면의 위치 관계를 설명할 수 있다.","선분의 길이","두 선분 AB, CD의 길이가 같을 때, 기호로 $overline{AB}=overline{CD}$와 같이 나타낸다."
진단평가2,"중학교 1학년",13,중등,중1,2학기,"통계 > 자료의 정리와 해석 > 히스토그램과 도수분포다각형","자료를 줄기와 잎 그림, 도수분포표, 히스토그램, 도수분포다각형으로 나타내고 해석할 수 있다.","히스토그램의 특징","히스토그램은 각 계급의 도수를 직사각형의 세로의 길이로 나타내므로 자료의 분포 상태를 한눈에 알아볼 수 있다."
진단평가2,"중학교 1학년",14,중등,중1,2학기,"기본도형 > 작도와 합동 > 삼각형의 작도","삼각형을 작도할 수 있다.",삼각형,"삼각형 ABC:오른쪽 그림과 같이 세 선분 AB, BC, CA로 이루어진 도형, 즉 세 꼭짓점이 A, B, C인 삼각형을 기호로 $	riangle ABC$와 같이 나타낸다.
1. 꼭짓점:점 A, B, C
2. 변:$overline{AB},overline{BC},overline{CA}$
3. 내각:$angle A,angle B,angle C$"
진단평가2,"중학교 1학년",15,중등,중1,2학기,"기본도형 > 기본도형 > 점, 선, 면","점, 선, 면, 각을 이해하고, 점, 직선, 평면의 위치 관계를 설명할 수 있다.","선분의 중점","선분 AB 위에 있는 점으로 선분 AB의 길이를 이등분하는 점을 M을 선분 AB의 중점이라 한다."
진단평가2,"중학교 1학년",16,중등,중1,1학기,"수와연산 > 정수와유리수 > 정수와 유리수의 곱셈","정수와 유리수의 사칙계산의 원리를 이해하고, 그 계산을 할 수 있다.","덧셈에 대한 곱셈의 분배법칙","세 수 $a,b,c$에 대하여
(1) $a	imes(b+c)=a	imes b+a	imes c$
(2) $(a+b)	imes c=a	imes c+b	imes c$"
진단평가2,"중학교 1학년",17,중등,중1,2학기,"기본도형 > 작도와 합동 > 간단한 도형의 작도","삼각형을 작도할 수 있다.","길이가 같은 선분의 작도","선분 AB와 길이가 같은 선분 PQ는 다음과 같이 작도한다.
1. 자로 직선을 그리고 이 직선 위에 점 P를 잡는다.
2. 컴퍼스로 $overline{AB}$의 길이를 잰다.
3. 점 P를 중심으로 반지름의 길이가 $overline{AB}$인 원을 그려 직선과의 교점을 Q라 한다.
$overline{AB}=overline{PQ}$"
진단평가2,"중학교 1학년",18,중등,중1,1학기,"문자와식 > 일차방정식 > 일차방정식의 풀이","일차방정식을 활용하여 문제를 해결할 수 있다.","일차방정식의 활용-거리, 속력, 시간에 대한 문제","(1) $(거리)=(속력)	imes (시간)$
(2) $(속력)=frac{(거리)}{(시간)}$
(3) $(시간)=frac{(거리)}{(속력)}$"
진단평가2,"중학교 1학년",19,중등,중1,1학기,"문자와식 > 일차방정식 > 일차방정식의 풀이","일차방정식을 활용하여 문제를 해결할 수 있다.","일차방정식의 활용-일에 대한 문제","일에 대한 문제
전체 일의 양을 1로 놓고 각자 단위 시간 동안 할 수 있는 일의 양을 구한 다음 조건에 맞게 식을 세운다."
진단평가2,"중학교 1학년",20,중등,중1,2학기,"평면도형과 입체도형 > 입체도형의 성질 > 뿔의 겉넓이","입체도형의 겉넓이와 부피를 구할 수 있다.","원뿔의 겉넓이","밑면인 원의 반지름의 길이가 $r$이고 모선의 길이가 $l$인 원뿔의 겉넓이 $S$는
$S=(밑넓이)+(옆넓이)=pi r^2+frac{1}{2}	imes2pi r	imes l=pi r^2+pi lr$"
진단평가3,"중학교 2학년",1,중등,중2,2학기,"도형의 닮음 > 닮음의 응용 > 평행선 사이의 선분의 길이의 비","평행선 사이의 선분의 길이의 비를 구할 수 있다.","삼각형의 외각의 이등분선의 성질","$	riangle ABC$에서 $angle A$의 외각의 이등분선이 $overline{BC}$의 연장선과 만나는 점을 D라 하면 $overline{AB}colonoverline{AC}=overline{BD}colonoverline{CD}$
(점 C에서 선분 AD와 평행한 직선을 긋고 그 직선과 선분 AB가 만나는 점을 점 F라 할 때, 각 DAC와 각 ACF는 엇각으로, 각 EAD와 각 AFC는 동위각으로 같다. 이에 두 각의 크기가 같으므로 선분 AF와 선분 AC의 길이는 같다. 이 성질을 활용하고 닮음비를 응용하여 나오는 성질이다.)"
진단평가3,"중학교 2학년",2,중등,중2,1학기,"함수 > 일차함수와 그래프 > 일차함수의 그래프의 성질","일차함수의 그래프의 성질을 이해하고, 이를 활용하여 문제를 해결할 수 있다.","두 점의 좌표를 이용하여 일차함수의 식 구하기","서로 다른 두 점 $(x_{1}, y_1)$, $(x_2, y_2)$를 지나는 직선을 그래프로 하는 일차함수의 식은 다음과 같은 순서로 구한다.
(1)기울기 a를 구한다. $ightarrow a=frac{y_2-y_1}{x_2-x_1}=frac{y_1-y_2}{x_1-x_2}(단, x_1e x_2)$
(2)구하는 일차함수의 식을 $y=ax+b$로 놓는다.
(3)한 점의 좌표를 $y=ax+b$에 대입하여 b의 값을 구한다."
진단평가3,"중학교 2학년",3,중등,중2,1학기,"유리수와 소수 > 유리수와 소수 > 순환소수의 분수 표현","순환소수의 뜻을 알고, 유리수와 순환소수의 관계를 이해한다.","순환소수를 분수로 나타내는 방법","1) 순환소수를 x로 놓는다.
2) 양변에 10의 거듭제곱을 곱하여 소수 부분이 같은 두 식을 만든다.
 -(1) 소수점이 첫 순환마디 뒤에 오도록 양변에 10, 100, 1000$cdotpcdotpcdotp$을 곱한다.
 -(2) 소수점이 첫 순환마디 앞에 오도록 양변에 10, 100, 1000, $cdotpcdotpcdotp$을 곱한다. 
3)  2)의 두식을 변끼리 뺀다. (이때 소수 부분이 없어진다.)
4) 3)에서 x의 값을 구한다."
진단평가3,"중학교 2학년",4,중등,중2,2학기,"도형의 성질 > 사각형의 성질 > 여러가지 사각형","사각형의 성질을 이해하고 설명할 수 있다.",사다리꼴,"한 쌍의 대변이 평행한 사각형"
진단평가3,"중학교 2학년",5,중등,중2,1학기,"함수 > 일차함수와 일차방정식의 관계 > 일차함수와 일차방정식","일차함수와 미지수가 2개인 일차방정식의 관계를 이해한다.","일차함수와 미지수가 2개인 일차방정식의 관계","미지수가 2개인 일차방정식 $ax+by+c=0$(a, b, c는 상수, $a
e0$, $b
e0$)의 그래프는 일차함수 $y=-frac{a}{b}x-frac{c}{b}$의 그래프와 같다."
진단평가3,"중학교 2학년",6,중등,중2,1학기,"식의 계산 > 다항식의 계산 > 다항식의 덧셈과 뺄셈","다항식의 덧셈과 뺄셈의 원리를 이해하고, 그 계산을 할 수 있다.",이차식,"한 문자에 대한 차수가 2인 다항식을 그 문자에 대한 이차식이라 한다."
진단평가3,"중학교 2학년",7,중등,중2,1학기,"일차방부등식과 연립일차방정식 > 연립일차방정식 > 미지수가 2개인 연립일차방정식","미지수가 2개인 연립일차방정식을 풀 수 있다.","연립방정식의 해가 없는 경우","두 방정식에서 x의 계수, y의 계수 중 어느 하나가 같아지도록 변형하였을 때, 나머지 미지수의 계수는 같은데 상수항이 같지 않으면 이 연립방정식의 해가 없다."
진단평가3,"중학교 2학년",8,중등,중2,1학기,"유리수와 소수 > 유리수와 소수 > 순환소수","순환소수의 뜻을 알고, 유리수와 순환소수의 관계를 이해한다.",유리수,"a, b 가 정수이고 $be0$ 일때, 분수 $frac{a}{b}$ 의 꼴로 나타낼 수 있는 수"
진단평가3,"중학교 2학년",9,중등,중2,2학기,"도형의 닮음 > 닮음의 응용 > 삼각형의 무게중심","도형의 닮음의 의미와 닮은 도형의 성질을 이해한다.","삼각형의 무게중심","삼각형의 세 중선의 교점"
진단평가3,"중학교 2학년",10,중등,중2,2학기,"확률 > 확률의 계산 > 확률의 계산","확률의 개념과 그 기본성질을 이해하고, 확률을 구할 수 있다.","연속하여 뽑는 경우의 확률을 구하는 방법","(1) 꺼낸 것을 다시 넣는 경우
처음에 뽑은 것을 다시 뽑을 수 있으므로 전체 경우의 수는 변함이 없다. 즉, 처음 사건이 나중 사건에 영향을 주지 않으므로 처음과 나중의 조건이 같다. 
? (처음에 사건 A가 일어날 확률)=(나중에 사건 A가 일어날 확률)
(2) 꺼낸 것을 다시 넣지 않는 경우
처음에 뽑은 것을 다시 뽑을 수 없으므로 전체 경우의 수는 줄어든다. 즉, 처음 사건이 나중 사건에 영향을 미치므로 처음과 나중의 조건이 다르다.
? (처음에 사건 A가 일어날 확률)$e$(나중에 사건 A가 일어날 확률)"
진단평가3,"중학교 2학년",11,중등,중2,1학기,"함수 > 일차함수와 일차방정식의 관계 > 일차함수와 일차방정식","일차함수와 미지수가 2개인 일차방정식의 관계를 이해한다.","일차방정식의 그래프","일차방정식 $ax+by+c=0$(a, b, c는 상수, $a
e0$, $b
e0$)의 해 $(x,y)를 좌표평면 위에 나타내면 직선이 되고, 이 직선을 일차방정식의 그래프라 한다."
진단평가3,"중학교 2학년",12,중등,중2,1학기,"유리수와 소수 > 유리수와 소수 > 순환소수의 분수 표현","순환소수의 뜻을 알고, 유리수와 순환소수의 관계를 이해한다.","유리수와 소수의 관계","1) 정수가 아닌 모든 유리수는 유한소수 또는 순환소수로 나타낼 수 있다.
2) 유한소수와 순환소수는 분수로 나타낼 수 있으므로 모두 유리수이다."
진단평가3,"중학교 2학년",13,중등,중2,1학기,"일차방부등식과 연립일차방정식 > 연립일차방정식 > 미지수가 2개인 연립일차방정식","미지수가 2개인 연립일차방정식을 풀 수 있다.","연립방정식을 푼다","연립방정식의 해를 구하는 것"
진단평가3,"중학교 2학년",14,중등,중2,1학기,"유리수와 소수 > 유리수와 소수 > 순환소수","순환소수의 뜻을 알고,유리수와 순환소수의 관계를 이해한다.","유한소수와 무한소수의 판별","1. 주어진 분수를 기약분수로 고친다.
2.분모를 소인수분해한다. 
이때 1) 분모의 소인수가 2 또는 5뿐이면 유한소수이다. 
2) 분모의 소인수 중에 2 또는 5이외의 소인수가 있으면 무한소수이다."
진단평가3,"중학교 2학년",15,중등,중2,2학기,"도형의 성질 > 삼각형의 성질 > 삼각형의 외심과 내심","삼각형의 외심과 내심의 성질을 이해하고 설명할 수 있다.","삼각형의 외접원과 외심","삼각형 ABC의 모든 꼭짓점이 원 O 위에 있을 때, 원 O는 삼각형 ABC에 외접한다고 한다. 이때 원 O를 삼각형 ABC의 외접원이라 하고, 외접원의 중심 O를 삼각형 ABC의 외심이라 한다."
진단평가3,"중학교 2학년",16,중등,중2,1학기,"함수 > 일차함수와 일차방정식의 관계 > 일차함수의 그래프와 연립일차방정식의 해","두 일차함수의 그래프와 연립일차방정식의 관계를 이해한다.","두 그래프의 위치관계와 연립방정식의 해의 개수","연립방정식 $egin{cases}{ax+by+c=0} \ {a^{prime}x+b^{prime}y+}c^{prime}=0end{cases}$ 의 해의 개수는 두 일차방정식 $ax+by+c=0, a'x+b'y+c'=0$의 그래프의 교점의 개수와 같다. 
(1) 두 그래프의 위치관계 : 한점에서 만난다,  두 그래프의 교점의 개수 : 한 개, 연립방정식의 해의 개수 : 한 쌍의 해, 기울기와 y절편 : 기울기가 다르다. $frac{a}
{a^{prime}}efrac{b}{b^{prime}}$
(2) 두 그래프의 위치관계 : 평행하다,  두 그래프의 교점의 개수 : 없다, 연립방정식의 해의 개수 : 해가 없다, 기울기와 y절편 : 기울기는 같고 y절편은 다르다. $frac{a}{a^{prime}}=frac{b}{b^{prime}}efrac{c}{c^{prime}}$ 
(3) 두 그래프의 위치관계 : 일치한다,  두 그래프의 교점의 개수 : 무수히 많다, 연립방정식의 해의 개수 : 해가 무수히 많다, 기울기와 y절편 : 기울기와 y절편이 각각 같다. 
$frac{a}{a^{prime}}=frac{b}{b^{prime}}=frac{c}{c^{prime}}$"
진단평가3,"중학교 2학년",17,중등,중2,2학기,"도형의 닮음 > 도형의 닮음 > 삼각형의 닮음 조건","삼각형의 닮음 조건을 이해하고, 이를 이용하여 두 삼각형이 닮음인지 판별할 수 있다.","직각삼각형의 닮음","두 직각삼각형에서 한 예각의 크기가 같으면 두 삼각형은 닮은 도형이다."
진단평가3,"중학교 2학년",18,중등,중2,1학기,"일차방부등식과 연립일차방정식 > 일차부등식 > 일차부등식의 풀이","일차부등식을 풀 수 있다.","일차부등식의 풀이","일차부등식은 다음과 같은 순서로 푼다,
(1) 미지수 $x$를 포함하는 항은 좌변으로, 상수항은 우변으로 이항한다.
(2) 양변을 정리하여 $ax>b,ax<b,axgeq b,axleq b(a
e0)$ 꼴로 나타낸다.
(3) 양변을 x의 계수 a로 나누어 $x>(수),x<(수),xgeq(수),xleq(수)$ 중 어느 하나의 꼴로 나타낸다. 이때 a가 음수이면 부등호의 방향이 바뀐다."
진단평가3,"중학교 2학년",19,중등,중2,2학기,"도형의 닮음 > 닮음의 응용 > 평행선 사이의 선분의 길이의 비","평행선 사이의 선분의 길이의 비를 구할 수 있다.","평행선 사이의 선분의 길이의 비","평행한 세 직선이 다른 두 직선과 만날 때, 평행선 사이의 선분의 길이의 비는 같다."
진단평가3,"중학교 2학년",20,중등,중2,1학기,"함수 > 일차함수와 일차방정식의 관계 > 일차함수의 그래프와 연립일차방정식의 해","두 일차함수의 그래프와 연립일차방정식의 관계를 이해한다.","일차방정식의 그래프와 연립일차방정식의 관계","연립방정식$egin{cases}{ax+by+c=0} \ {a^{prime}x+b^{prime}y+}c^{prime}=0end{cases}$ 의 해는 두 일차방정식 $ax+by+c=0, a'x+b'y+c'=0$의 그래프의 교점의 좌표와 같다.
연립방정식의 해 $x=p, y=q <=>$ 두 그래프의 교점의 좌표 (p, q)"
진단평가4,"중학교 3학년",1,중등,중3,2학기,"원의 성질 > 원과 직선 > 원의 접선","원의 현에 관한 성질과 접선에 관한 성질을 이해한다.","원의 접선과 각의 크기 사이의 성질","원 $O$ 밖의 한 점 $P$에 대하여 $overline{PA}$, $overline{PB}$는 원$O$의 접선이고 두 점 $A$, $B$는 각각 그 접점일 때
(1) $square APBO$의 내각의 크기의 합은 $360degree$이므로
$angle APB+angle AOB=180degree$
(2) $	riangle PBA$는 $overline{PA}=overline{PB}$인 이등변삼각형이므로
$angle PAB=angle PBA$"
진단평가4,"중학교 3학년",2,중등,중3,2학기,"삼각비 > 삼각비 > 삼각비의 길이 구하기","삼각비를 활용하여 여러 가지 문제를 해결할 수 있다.","삼각형의 높이; 주어진 각 중 한 각이 둔각인 경우","삼각형 ABC에서 한 변의 길이 a와 그 양 끝 각  $angle B$, $angle C$의 크기를 알 때, 높이 h는 주어진 각 중 한 각이 둔각인 경우 $h=frac{a}{	an x-	an y}$이다."
진단평가4,"중학교 3학년",3,중등,중3,1학기,"이차함수 > 이차함수와 그래프 > 이차함수 y=a(x-p)^2+q의 그래프","이차함수의 의미를 이해하고, 그 그래프를 그릴 수 있다.","이차함수 $y=ax^2+q$의 그래프의 성질","(1) 이차함수 $y=ax^2$의 그래프를 $y$ 축의 방향으로 $q$만큼 평행이동한 것이다.
(1-1) $q>0$이면 $y$ 축의 양의 방향(위쪽)으로 평행이동
(1-2) $q<0$이면 $y$ 축의 음의 방향(아래쪽)으로 평행이동
(2) 꼭짓점의 좌표: $(0, q)$
(3) 축의 방정식: $x=0$ ($y$ 축)"
진단평가4,"중학교 3학년",4,중등,중3,1학기,"이차함수 > 이차함수와 그래프 > 이차함수 y=ax^2+bx+c의 그래프","이차함수의 그래프의 성질을 이해한다.","서로 다른 세 점을 알 때, 이차함수의 식을 구하는 방법","그래프 위의 세 점 $(x_1, y_1)$, $(x_2, y_2)$, $(x_3, y_3)$을 알 때,
(1) 이차함수의 식을 $y=ax^2+bx+c$로 놓는다.
(2) (1)의 식에 세 점 $(x_1, y_1)$, $(x_2, y_2)$, $(x_3, y_3)$의 좌표를 각각 대입하여 $a$, $b$, $c$의 값을 구한다."
진단평가4,"중학교 3학년",5,중등,중3,2학기,"통계 > 대푯값과 산포도 > 대푯값","중앙값, 최빈값, 평균의 의미를 이해하고 이를 구할 수 있다.",평균,"평균 : 전체 변량의 총합을 변량의 개수로 나눈 값
→ $(평균)=frac{(변량의 총합)}{(변량의 개수)}$"
진단평가4,"중학교 3학년",6,중등,중3,1학기,"이차방정식 > 이차방정식 > 제곱근을 이용한 이차방정식의 풀이","이차방정식을 풀 수 있다.","완전제곱식을 이용한 이차방정식의 풀이","이차방정식의 좌변을 인수분해 하기 어려운 경우에는 다음과 같이 좌변을 완전제곱식으로 만들어 이차방정식을 풀 수 있다. 
(1) $x^2$의 계수로 양변을 나누어 $x^2$의 계수를 1로 만든다. 
(2) 상수항을 우변으로 이항한다. 
(3) 양변에 $(x의 계수/2)^2$를 더한다. 
(4) 좌변을 완전제곱식으로 만들어 $(x-p)^2=q$ ($qge0$) 꼴로 변형한다. 
(5) 제곱근을 이용하여 해를 구한다."
진단평가4,"중학교 3학년",7,중등,중3,2학기,"삼각비 > 삼각비 > 삼각비의 넓이 구하기","삼각비를 활용하여 여러 가지 문제를 해결할 수 있다.","삼각형의 넓이; 끼인각이 예각인 경우","$	riangle ABC$에서 두 변의 길이 $a$, $c$와 그 끼인각인 $angle B$의 크기를 알면 삼각형의 넓이 $S$를 구할 수 있다.
$angle B$가 예각인 경우 : $S=frac{1}{2}acsin B$"
진단평가4,"중학교 3학년",8,중등,중3,1학기,"제곱근과 실수 > 근호를 포함한 식의 계산 > 근호를 포함한 식의 곱셈과 나눗셈","근호를 포함한 식의 사칙 계산을 할 수 있다.","제곱근의 나눗셈","근호 안의 수끼리, 근호 밖이 수끼리 나눈다.
$a>0,b>0$이고, m, m이 유리수일 때,
(1) $sqrt[]{a}divsqrt[]{b}=frac{sqrt[]{a}}{sqrt[]{b}}=sqrt[]{frac{a}{b}}$
(2) $msqrt[]{a}div nsqrt[]{b}=frac{m}{n}sqrt[]{frac{a}{b}}$ (단, $ne0$)"
진단평가4,"중학교 3학년",9,중등,중3,2학기,"삼각비 > 삼각비 > 삼각비의 길이 구하기","삼각비를 활용하여 여러 가지 문제를 해결할 수 있다.","일반 삼각형에서의 변의 길이 구하기","(1) 삼각형 ABC에서 두 변의 길이 a, c와 그 끼인각 $angle B$의 크기를 알 때, 꼭짓점 A에서 $overline{BC}$에 내린 수선의 발을 H라 하면 $overline{AC}=sqrt[]{overline{AH}^2+overline{CH}^2}^{}=sqrt[]{(csin B)^2+(a-ccos B)^2}$

(2) 삼각형 ABC에서 한 변의 길이 a와 그 양 끝 각 $angle B$, $angle C$의 크기를 알 때, 꼭짓점 B, C에서 대변에 내린 수선의 발을 각각 H, ${H}^{prime}$이라 하면
(2-1) $overline{AB}=frac{overline{BH}}{sin A}=frac{asin C}{sin A}$
(2-2) $overline{AC}=frac{overline{C{H}^{prime}}}{sin A}=frac{asin B}{sin A}$"
진단평가4,"중학교 3학년",10,중등,중3,1학기,"다항식의 곱셈과 인수분해 > 다항식의 곱셈 > 다항식의 곱셈","다항식의 곱셈을 할 수있다.","$(다항식)	imes(다항식)$의 계산","$(다항식)	imes(다항식)$은 다음과 같은 순서로 계산한다. 
(1) 분배법칙을 이용하여 전개한다. 
(2) 동류항이 있으면 동류항끼리 모아서 계산한다."
진단평가4,"중학교 3학년",11,중등,중3,1학기,"이차함수 > 이차함수와 그래프 > 이차함수 y=ax^2+bx+c의 그래프","이차함수의 그래프의 성질을 이해한다.","이차함수 $y=ax^2+bx+c$의 그래프와 $a$, $b$, $c$의 부호","이차함수 $y=ax^2+bx+c$의 그래프가 주어졌을 때 a, b, c의 부호는 다음과 같이 결정된다. 
(1) a의 부호
: 그래프의 모양으로 결정
(1-1) 아래로 볼록 → $a>0$
(1-2) 위로 볼록 →  $a<0$

(2) b의 부호
: 축의 위치로 결정
(2-1) 축이 $y$ 축의 왼쪽에 위치 →  a, b는 같은 부호 ($ab>0$)
(2-2) 축이 $y$ 축과 일치 →  $b=0$ 
(2-3) 축이 $y$ 축의 오른쪽에 위치 → a, b는 다른 부호 ($ab<0$)

(3) c의 부호
: $y$ 축과의 교점의 위치로 결정
(3-1) $y$ 축과의 교점이 원점의 위쪽에 위치
→ $c>0$
(3-2) $y$ 축과의 교점이 원점과 일치 → $c=0$
(3-3) $y$ 축과의 교점이 원점의 아래쪽에 위치 → $c<0$"
진단평가4,"중학교 3학년",12,중등,중3,1학기,"다항식의 곱셈과 인수분해 > 다항식의 인수분해 > 인수분해 공식","다항식의 인수분해를 할 수 있다.","공통인수가 있는 다항식의 인수분해","공통인수를 모두 묶어 낸 후 인수분해 공식을 이용한다."
진단평가4,"중학교 3학년",13,중등,중3,1학기,"이차방정식 > 이차방정식 > 근의 공식을 이용한 이차방정식의 풀이","이차방정식을 풀 수 있다.","두 근이 주어졌을 때 이차방정식을 구하는 방법","(1) 두 근이 $alpha$, $eta$이고 $x^2$의 계수가 $a$인 이차방정식은
$a(x-alpha)(x-eta)=0$
(2) 중근이 $alpha$이고 $x^2$의 계수가 $a$인 이차방정식은
$a(x-alpha)^2=0$"
진단평가4,"중학교 3학년",14,중등,중3,1학기,"다항식의 곱셈과 인수분해 > 다항식의 곱셈 > 다항식의 곱셈","다항식의 곱셈을 할 수 있다.","공통부분이 있는 다항식의 전개","공통부분을 한 문자로 놓고 전개한다. 예를 들면 $(x+y+1)(x+y-1)$에서 공통부분인 $x+y$를 $A$로 놓고 전개하면 된다."
진단평가4,"중학교 3학년",15,중등,중3,2학기,"삼각비 > 삼각비 > 삼각비의 넓이 구하기","삼각비를 활용하여 여러 가지 문제를 해결할 수 있다.","평행사변형의 넓이","평행사변형 ABCD의 이웃하는 두 변의 길이가 a, b이고 그 끼인각 x가 예각일 때, 평행사변형 ABCD의 넓이 S는 $S=absin x$"
진단평가4,"중학교 3학년",16,중등,중3,2학기,"원의 성질 > 원주각 > 원주각과 그 성질","원주각의 성질을 이해한다.","원주각의 크기와 호의 길이 사이의 관계","(1) 한 원에서 길이가 같은 호에 대한 원주각의 크기는 같다. 
→ $stackrel{frown}{AB}=stackrel{frown}{CD}$이면 $angle APB=angle CQD$

(2) 한 원에서 크기가 같은 원주각에 대한 호의 길이는 같다. 
→ $angle APB=angle CQD$이면 $stackrel{frown}{AB}=stackrel{frown}{CD}$

(3) 한 원에서 호의 길이는 그 호에 대한 원주각의 크기에 정비례한다."
진단평가4,"중학교 3학년",17,중등,중3,2학기,"통계 > 대푯값과 산포도 > 대푯값","중앙값, 최빈값, 평균의 의미를 이해하고, 이를 구할 수 있다.",최빈값,"자료의 변량 중에서 가장 많이 나타나는 값을 그 자료의 최빈값이라 한다."
진단평가4,"중학교 3학년",18,중등,중3,1학기,"제곱근과 실수 > 제곱근과 실수 > 제곱근의 성질","제곱근의 뜻을 알고, 그 성질을 이해한다.","$sqrt{a^2}$의 성질","모든 수 a에 대하여 $sqrt{a^2}=mleft|amright|=egin{cases}{ageq0,}sqrt[]{a^2}=a \ {a<0}$,$sqrt[]{(-a)^2}=aend{cases}$
(모든 수 $a$에 대하여 $sqrt{a^2}$는 mleft|amright|와 같고,  $a$가 $0$보다 크거나 같을 때 $sqrt{a^2}$은 a이고, $a$가 $0$보다 작을 때 $sqrt{a^2}$은 $-a$이다.)"
진단평가4,"중학교 3학년",19,중등,중3,1학기,"이차방정식 > 이차방정식 > 인수분해를 이용한 이차방정식의 풀이","이차방정식을 풀 수 있다.","이차방정식의 중근","이차방정식의 중근
: 이차방정식의 두 해가 중복되어 서로 같을 때, 이 해를 주어진 이차방정식의 중근이라 한다."
진단평가4,"중학교 3학년",20,중등,중3,1학기,"이차함수 > 이차함수와 그래프 > 이차함수 y=ax^2의 그래프","이차함수의 의미를 이해하고, 그 그래프를 그릴 수 있다.","이차함수 $y=ax^2$의 그래프의 성질","(1) 원점 $O(0, 0)$을 꼭짓점으로 하는 포물선이다.
(2) $y$ 축에 대칭이다.
축의 방정식: $x=0$ ($y$ 축)
(3) $a$의 부호에 따라 그래프의 모양이 달라진다.
(3). 1. $a>0$일 때, 아래로 볼록하다.
(3). 2. $a<0$일 때, 위로 볼록하다.
(4) $a$의 절댓값이 클수록 그래프의 폭이 좁아진다.
(5) $y=-ax^2$의 그래프와 $x$ 축에 서로 대칭이다."
진단평가5,"중학교 전과정",1,중등,중1,1학기,"좌표평면과 그래프 > 정비례와 반비례 > 반비례","정비례, 반비례 관계를 이해하고, 그 관계를 표, 식, 그래프로 나타낼 수있다.","반비례 관계 $y=frac{a}{x}$의 그래프","반비례 관계 $y=frac{a}{x} (a
e0)$의 그래프는 좌표 축에 점점 가까워지면서 한없이 뻗어 나가는 한 쌍의 매끄러운 곡선이다.
(1) a>0
- 지나는 사분면 : 제1사분면, 제3사분면
- 증가$cdot$감소 : 각 사분면에서 x의 값이 증가하면 y의 값은 감소
(2) a<0
- 지나는 사분면 : 제2사분면, 제4사분면
- 증가$cdot$감소 : 각 사분면에서 x의 값이 증가하면 y의 값도 증가"
진단평가5,"중학교 전과정",2,중등,중1,1학기,"수와연산 > 정수와유리수 > 정수와 유리수","양수와 음수, 정수와 유리수의 개념을 이해한다.",정수,"1.양의 정수: 자연수에 양의 부호 +를 붙인 수
2.음의 정수: 자연수에 음의 부호 -를 붙인 수
3.양의 정수, 0, 음의 정수를 통틀어 정수라 한다."
진단평가5,"중학교 전과정",3,중등,중3,1학기,"다항식의 곱셈과 인수분해 > 다항식의 인수분해 > 인수분해 공식","다항식의 인수분해를 할 수 있다.",인수분해,"인수분해 
: 하나의 다항식을 두 개 이상의 인수의 곱을 나타내는 것을 다항식을 인수분해한다고 한다."
진단평가5,"중학교 전과정",4,중등,중1,1학기,"좌표평면과 그래프 > 정비례와 반비례 > 반비례","정비례, 반비례 관계를 이해하고, 그 관계를 표, 식, 그래프로 나타낼 수있다.","반비례 관계 $y=frac{a}{x}(a
e0)$의 그래프 그리기","반비례 관계 $y=frac{a}{x}(a
e0)$의 그래프는 좌표축에 가까워지면서 한없이 뻗어 나가는 항 쌍의 매끄러운 곡선이므로 이 곡선이 지나는 몇 개의 점을 찾아 매끄러운 곡선으로 연결한다. 이때 x축, y축과 닿지 않도록 그린다."
진단평가5,"중학교 전과정",5,중등,중1,2학기,"기본도형 > 기본도형 > 평행선의 성질","평행선에서 동위각과 엇각의 성질을 이해한다.","두 직선이 평행할 조건","서로 다른 두 직선이 한 직선과 만날 때
(1) 동위각의 크기가 같으면 두 직선은 평행하다.
(2) 엇각의 크기가 같으면 두 직선은 평행하다."
진단평가5,"중학교 전과정",6,중등,중3,2학기,"삼각비 > 삼각비 > 삼각비의 길이 구하기","삼각비를 활용하여 여러 가지 문제를 해결할 수 있다.","일반 삼각형에서의 변의 길이 구하기","(1) 삼각형 ABC에서 두 변의 길이 a, c와 그 끼인각 $angle B$의 크기를 알 때, 꼭짓점 A에서 $overline{BC}$에 내린 수선의 발을 H라 하면 $overline{AC}=sqrt[]{overline{AH}^2+overline{CH}^2}^{}=sqrt[]{(csin B)^2+(a-ccos B)^2}$

(2) 삼각형 ABC에서 한 변의 길이 a와 그 양 끝 각 $angle B$, $angle C$의 크기를 알 때, 꼭짓점 B, C에서 대변에 내린 수선의 발을 각각 H, ${H}^{prime}$이라 하면
(2-1) $overline{AB}=frac{overline{BH}}{sin A}=frac{asin C}{sin A}$
(2-2) $overline{AC}=frac{overline{C{H}^{prime}}}{sin A}=frac{asin B}{sin A}$"
진단평가5,"중학교 전과정",7,중등,중1,1학기,"문자와식 > 문자의 사용과 식의 계산 > 식의 값","식의 값을 구할 수 있다","식의 값을 구하는 방법","(1) 문자에 수를 대입할 때에는 생략된 곱셈 기호를 다시 쓴다.
(2) 문자에 음수를 대입할 때에는 반드시 괄호를 사용한다.
(3) 문자에 분수를 대입할 때에는 생략된 나눗셈 기호를 다시 쓴다."
진단평가5,"중학교 전과정",8,중등,중1,1학기,"문자와식 > 문자의 사용과 식의 계산 > 일차식","일차식의 덧셈과 뺄셈의 원리를 이해하고, 그 계산을 할 수 있다","단항식과 수의 곱셈, 나눗셈","(1) $(수)	imes(단항식)$, $(단항식)	imes(수)$ : 곱셈의 교환법칙과 결합법칙을 이용하여 수끼리 곱한 후 문자 앞에 쓴다.
(2) $(단항식)div(수)$ : 나누는 수의 역수를 곱하여 계산한다."
진단평가5,"중학교 전과정",9,중등,중1,2학기,"통계 > 자료의 정리와 해석 > 줄기와 잎그림","자료를 줄기와 잎 그림, 도수분포표, 히스토그램, 도수분포다각형으로 나타내고 해석할 수 있다.",변량,"자료를 수량으로 나타낸 것"
진단평가5,"중학교 전과정",10,중등,중1,1학기,"수와연산 > 정수와유리수 > 정수와 유리수","양수와 음수, 정수와 유리수의 개념을 이해한다.",수직선,"수직선은 직선 위에 기준이 되는 점을 정하여 그 점에 0을 대응시키고, 그 점의 좌우에 일정한 간격으로 점을 잡아서 오른쪽의 점에 양의 정수 +1, +2, +3, $cdotcdotcdot$을, 왼쪽의 점에 음의 정수 -1, -2, -3, $cdotcdotcdot$을 대응시킨 것이다."
진단평가5,"중학교 전과정",11,중등,중1,2학기,"평면도형과 입체도형 > 입체도형의 성질 > 다면체","다면체의 성질을 이해한다.",다면체,"(1) 다면체:다각형인 면으로만 둘러싸인 입체도형
1. 면:다면체를 둘러싸고 있는 다각형
2. 모서리:다면체를 이루는 다각형의 변
3. 꼭짓점:다면체를 이루는 다각형의 꼭짓점
(2) 다면체는 그 면의 개수에 따라 사면체, 오면체, 육면체, $cdots$라 한다."
진단평가5,"중학교 전과정",12,중등,중3,1학기,"제곱근과 실수 > 제곱근과 실수 > 무리수와 실수","무리수의 개념을 이해한다.","무리수를 정수 부분과 소수 부분으로 나누는 방법","무리수는 순환소수가 아닌 무한소수로 나타내어지는 수이므로 정수 부분과 소수 부분으로 나눌 수 있다. 이때 소수 부분은 정확한 값을 알기 어려우므로 다음과 같이 무리수에서 정수 부분을 뺀 식으로 나타낸다.
$(무리수)=(정수 부분)+(소수 부분)$ 이면 $(소수 부분)=(무리수)-(정수 부분)$"
진단평가5,"중학교 전과정",13,중등,중2,1학기,"함수 > 일차함수와 일차방정식의 관계 > 일차함수와 일차방정식","일차함수와 미지수가 2개인 일차방정식의 관계를 이해한다.","직선의 방정식","미지수 $x, y$의 값의 범위가 모든 수 일때, 방정식 $ax+by+c=0(a,b,c는 상수, a
e0, b
e0)$을 직선의 방정식이라 한다."
진단평가5,"중학교 전과정",14,중등,중1,1학기,"수와 연산 > 소인수분해 > 최대공약수","최대공약수와 최소공배수의 성질을 이해하고, 이를 구할 수 있다.","최대공약수의 활용","다음과 같은 문제는 대부분 최대공약수를 이용하면 쉽게 해결할 수 있다.
(1) 일정한 양을 가능한 한 많은 사람에게 똑같이 나누어 주는 문제
(2) 직사각형을 가장 큰 정사각형 또는 가장 적은 수의 정사각형으로 빈틈없이 채우는 문제
(3) 몇 개의 자연수를 동시에 나누어떨어지게 하는 가장 큰 자연수를 구하는 문제"
진단평가5,"중학교 전과정",15,중등,중2,1학기,"함수 > 일차함수와 그래프 > 일차함수의 그래프의 성질","일차함수의 그래프의 성질을 이해하고, 이를 활용하여 문제를 해결할 수 있다.","일차함수의 활용-길이에 대한 문제","처음 길이가 a cm이고 1분마다 길이가 b cm씩 짧아질 때, x 분 후의 길이를 y cm라 하면 => y=a-bx"
진단평가5,"중학교 전과정",16,중등,중1,2학기,"기본도형 > 작도와 합동 > 삼각형의 합동","삼각형의 합동 조건을 이해하고 두 삼각형이 합동인지 판별할 수 있다.","삼각형의 합동조건(ASA합동)","대응하는 한 변의 길이가 같고, 그 양 끝 각의 크기가 각각 같을 때(ASA 합동)
$overline{BC}=overline{EF},angle B=angle E,angle C=angle F$ >> $	riangle ABCequiv	riangle DEF$
"
진단평가5,"중학교 전과정",17,중등,중2,2학기,"확률 > 경우의 수 > 사건과 경우의 수","경우의 수를 구할 수 있다.","경우의 수","어떤 사건이 일어나는 가짓수"
진단평가5,"중학교 전과정",18,중등,중1,1학기,"수와 연산 > 소인수분해 > 최대공약수","최대공약수와 최소공배수의 성질을 이해하고, 이를 구할 수 있다.","공약수와 최대공약수","(1)공약수: 두개 이상의 자연수의 공통인 약수
(2)최대공약수: 공약수 중에서 가장 큰 수
(3)최대공약수의 성질: 두 개 이상의 자연수의 공약수는 최대공약수의 약수이다.
(4)서로소: 최대공약수가 1인 두 자연수"
진단평가5,"중학교 전과정",19,중등,중1,1학기,"수와연산 > 소인수분해 > 소인수분해","소인수분해의 뜻을 알고, 자연수를 소인수분해 할 수 있다.",거듭제곱,"같은 수나 같은 문자를 거듭해서 곱한 것을 간단히 나타낸 것
이때 거듭해서 곱한 수가 2개 이상인 경우도 같은 수끼리는 거듭제곱으로 나타낼 수 있다."
진단평가5,"중학교 전과정",20,중등,중1,2학기,"기본도형 > 작도와 합동 > 삼각형의 합동","삼각형의 합동 조건을 이해하고 두 삼각형이 합동인지 판별할 수 있다.","삼각형의 합동조건(SAS합동)","대응하는 두 변의 길이가 각각 같고, 그 끼인각의 크기가 같을 때(SAS 합동)
$overline{AB}=overline{DE},overline{BC}=overline{EF},angle B=angle E$ >> $	riangle ABCequiv	riangle DEF$"
진단평가6,"고등학교 수학 상/하",1,고등,수학,상,"방정식과 부등식 > 여러가지 부등식 > 절댓값을 포함한 일차부등식","절댓값을 포함한 일차부등식을 풀 수 있다.","절댓값 기호를 포함한 간단한 부등식","$a>0,b>0$일 때, 다음과 같은 부등식이 성립한다.
1) $vert xvert<a Leftrightarrow -a<x<a$
2) $vert xvert>aLeftrightarrow x<-a 또는 x>a$
3) $a<vert xvert<bLeftrightarrow a<x<b또는-b<x<-a(단, a<b)$"
진단평가6,"고등학교 수학 상/하",2,고등,수학,하,"함수 > 함수 > 함수의 뜻과 그래프","함수의 개념을 이해하고, 그 그래프를 이해한다.",함숫값,"함수 $f:X longrightarrow Y$에서 정의역 $X$의 원소$x$에 공역$Y$의 원소$y$가 대응할 때, 이것을 기호로 $y=f(x)$ 또는 $f:x longrightarrow y$와 같이 나타내고, $f(x)$를 함수$f$를 함수$f$에 의한 $x$의 함숫값이라 한다."
진단평가6,"고등학교 수학 상/하",3,고등,수학,상,"도형의 방정식 > 평면좌표 > 선분의 내분과 외분","선분의 내분을 이해하고, 내분점의 좌표를 구할 수 있다.","삼각형의 무게중심","(1) 삼각형의 세 중선의 교점을 무게중심이라 한다.
(2) 삼각형의 무게중심은 세 중선을 꼭짓점으로부터 각각 $2colon1$로 내분한다."
진단평가6,"고등학교 수학 상/하",4,고등,수학,상,"도형의 방정식 > 직선의 방정식 > 직선의 방정식","다양한 직선의 방정식을 구할 수 있다.","직선의 방정식","1) 좌표축에 평행한 직선의 방정식
점 $(a,b)$를 지나고 $y$축에 평행한 직선($x$축에 수직인 직선) 
$Rightarrow x=a$ 

점 $(a,b)$를 지나고 $x$축에 평행한 직선($y$축에 수직인 직선) 
$Rightarrow y=b$
2) 직선의 방정식의 표준형
기울기가 $m$이고 $y$절편이 $n$인 직선의 방정식은 
$y=mx+n$
특히 기울기가 $m$인 직선이 $x$축의 양의 부분과 이루는 각의 크기가 $	heta$일 때,   $m=	an 	heta$"
진단평가6,"고등학교 수학 상/하",5,고등,수학,상,"방정식과 부등식 > 여러가지 방정식 > 연립이차방정식","미지수가 2개인 연립이차방정식을 풀 수 있다.","이차방정식의 정수근","이차방정식 $x^2-(k+2)x+k+3=0$과 같이 계수가 문자이면 근을 구할 수 없다. 그러나 이차방정식의 근이 정수라는 조건이 있으면 다음과 같은 방법으로 두 근 $alpha,eta$와 상수 $k$의 값을 구할 수 있다.
i) 근과 계수의 관계를 이용하여 두 근 $alpha,eta$에 대한 식을 구한다. 
ii) i)에서 얻은 식을 이용하여 $alpha,eta$에 대한 부정방정식을 만든 후 
$f(alpha,eta)	imes g(alpha,eta)=(정수)$
꼴로 변형한다. 
iii) 약수와 배수의 성질을 이용하여 $alpha,eta$를 구한다.
iv) 두 근 $alpha,eta$를 i)에서 얻은 식을 대입하여 상수 $k$의 값을 구한다."
진단평가6,"고등학교 수학 상/하",6,고등,수학,하,"함수 > 함수 > 여러가지 함수","함수의 개념을 이해하고, 그 그래프를 이해한다.","다항함수 - 일차함수, 이차함수, 삼차함수","다항식$f(x)$가 일차식, 이차식, 삼차식, $cdots$일 때, 그 다항함수 $y=f(x)$를 각각 일차함수,이차함수,삼차함수$cdots$라 한다."
진단평가6,"고등학교 수학 상/하",7,고등,수학,상,"도형의 방정식 > 평면좌표 > 선분의 내분과 외분","선분의 내분을 이해하고, 내분점의 좌표를 구할 수 있다.","수직선 위의 선분의 내분점","수직선 위의 두 점 $A(x_1),B(x_2)$에 대하여
1) 선분 $AB$를 $m:n(m>0,n>0)$으로 내분하는 점 $P$의 좌표
$P(frac{mx_2+nx_1}{m+n})$
2) 선분 $AB$의 중점$M$의 좌표
$M(frac{x_2+x_1}{2})$"
진단평가6,"고등학교 수학 상/하",8,고등,수학,상,"도형의 방정식 > 원의 방정식 > 원의 방정식","원의 중심, 반지름, 지름을 알고, 그 관계를 이해한다.","원의 방정식의 일반형","$x,y$에 대한 이차방정식 $x^2+y^2+Ax+By+C=0(A^2+B^2-4C>0)$ 은
중심의 좌표 : $(-frac{A}{2},-frac{B}{2})$, 반지름의 길이 : $frac{sqrt[]{A^2+B^2-4C}}{2}$"
진단평가6,"고등학교 수학 상/하",9,고등,수학,하,"함수 > 함수 > 여러가지 함수","이차함수의 그래프의 성질을 이해한다.","이차함수의 표준형 $y=a(x-p)^2+q$의 그래프","(1)이차함수$y=ax^2$의 그래프를 $x$축의 방향으로 $p$만큼, $y$축의 방향으로 $q$만큼 평행이동한 것이다.
(2)꼭짓점: 점($p$,$q$)
(3)축: 직선 $x=p$"
진단평가6,"고등학교 수학 상/하",10,고등,수학,상,"방정식과 부등식 > 이차방정식과 이차함수 > 이차함수의 최대, 최소","이차함수의 최대, 최소를 이해하고, 이를 활용하여 문제를 해결할 수 있다.","제한된 범위에서의 이차함수의 최대, 최소","$x$값의 범위가 $alphaleq xleqeta$일 때, 이차함수 $f(x)=a(x-p)^2+q$의  최대, 최소는 다음과 같다.
1) $alphaleq pleq eta$ 일 때
$Rightarrow$ $f(p), f(alpha), f(eta)$ 중에서 가장 큰 값이 최댓값, 가장 작은 값이 최솟값이다.
2) $p<alpha 또는 p>eta$ 일 때
$Rightarrow$ $f(alpha), f(eta)$ 중에서 큰 값이 최댓값, 작은 값이 최솟값이다."
진단평가6,"고등학교 수학 상/하",11,고등,수학,상,"다항식 > 다항식의 연산 > 다항식의 나눗셈","다항식의 사칙연산을 할 수 있다.",조립제법,"다항식 $f(x)$를 $x$에 대한 일차식으로 나눌 때, 직접 나눗셈을 하지 않고 계수만을 이용하여 몫과 나머지를 구하는 방법을 조립제법이라 한다."
진단평가6,"고등학교 수학 상/하",12,고등,수학,상,"다항식 > 나머지정리와 인수분해 > 인수분해","다항식의 인수분해를 할 수 있다.","인수정리를 이용한 인수분해","삼차 이상의 다항식 $f(x)$는 인수정리를 이용하여 다음과 같은 순서로 인수분해 할 수 있다. 
1) $f(alpha)=0$를 만족하는 상수$alpha$의 값을 구한다.
2) 조립제법을 이용하여 $f(x)$를 $x-alpha$로 나누었을 때의 몫 $Q(x)$를 구하여 $f(x)=(x-alpha)Q(x)$로 나타낸다.
3) 인수분해 공식을 이용하거나 1),2)의 과정을 반복하여 $Q(x)$가 더 이상 인수분해되지 않을 때까지 인수분해한다."
진단평가6,"고등학교 수학 상/하",13,고등,수학,상,"방정식과 부등식 > 여러가지 방정식 > 삼차방정식과 사차방정식","간단한 삼차방정식과 사차방정식을 풀 수 있다.",복이차방정식,"방정식의 모든 항을 좌변으로 이항하였을 때, $x^4+ax^2+b=0 (a,b는 상수)$과 같이 차수가 짝수인 항과 상수항만으로 이루어진 방정식을 복이차방정식이라 한다.
복이차방정식 $x^4+ax^2+b=0$을 풀 때에는 복이차식의 인수분해를 이용하여 다음과 같은 방법으로 푼다.
1) $x^2=X$로 치환하여 $X^2+aX+b=0$의 좌변을 인수분해한다.
2) $x^4+ax^2+b=0$의 이차항 $ax^2$을 적당히 분리하여 $(x^2+A)^2-(Bx)^2=0$ 꼴로 변형한 후 좌변을 인수분해한다."
진단평가6,"고등학교 수학 상/하",14,고등,수학,상,"다항식 > 다항식의 연산 > 다항식의 곱셈","다항식의 곱셈을 할 수있다.",지수법칙,"a, b 는 실수, m, n은 자연수일 때 다음 법칙이 성립한다.
1) $a^m	imes a^n=a^{m+n}$
2) $a^mdiv a^n=frac{a^m}{a^n}egin{cases}{a^{m-n},(m>n)} \ {1,(m=n)} \ {frac{1}{a^{n-m}},(m<n)}end{cases}$
3) $(a^m)^n=a^{mn}$
4) $(ab)^n=a^nb^n$
5) $(frac{b}{a})^n=frac{b^n}{a^n}$(단,$a
e0$)"
진단평가6,"고등학교 수학 상/하",15,고등,수학,상,"방정식과 부등식 > 여러가지 방정식 > 연립이차방정식","미지수가 2개인 연립일차방정식을 풀 수 있다.","미지수가 2개인 연립일차방정식의 풀이","1) 미지수 중 하나를 소거하여 미지수가 1개인 일차방정식을 만든다.
2) 1)의 일차방정식을 푼다.
3) 2)에서 구한 값을 한 일차방정식에 대입하여 나머지 미지수의 값을 구한다."
진단평가6,"고등학교 수학 상/하",16,고등,수학,상,"방정식과 부등식 > 여러가지 부등식 > 이차부등식","이차부등식과 이차함수의 관계를 이해하고, 이차부등식과 연립이차부등식을 풀 수 있다","이차부등식의 풀이(3)-이차함수의 그래프가 $x$축과 만나지 않을 때","이차함수의 그래프가 $x$축과 만나지 않을 때 이차부등식의 해는 다음과 같다.
이차함수 $y=ax^2+bx+c(a>0)$의 그래프가 $x$축과 만나지 않을 때 
1) $ax^2+bx+c>0$의 해는 모든 실수이다.
2) $ax^2+bx+cgeq0$의 해는 모든 실수이다.
3) $ax^2+bx+c<0$의 해는 없다.
4) $ax^2+bx+cleq0$의 해는 없다."
진단평가6,"고등학교 수학 상/하",17,고등,수학,상,"방정식과 부등식 > 여러가지 방정식 > 연립이차방정식","미지수가 2개인 연립이차방정식을 풀 수 있다.","실수 조건의 부정방정식","$x,y$가 실수일 때, 미지수 $x,y$를 포함하는 부정방정식은 다음과 같은 방법으로 해를 구하는 경우가 많다.
1) 주어진 방정식이 $lbrace f(x,y)brace^2+lbrace g(x,y)brace^2=0$꼴로 변형되면 
$Rightarrow$ $f(x,y)=g(x,y)=0$임을 이용한다.
2) 실수 $x,y$에 대한 이차방정식이 주어지면
$Rightarrow$ 한 문자에 대하여 정리한 후 판별식 $D가 Dgeq0$임을 이용한다."
진단평가6,"고등학교 수학 상/하",18,고등,수학,상,"방정식과 부등식 > 이차방정식과 이차함수 > 이차함수의 그래프와 직선의 위치 관계","이차함수의 의미를 이해하고, 그 그래프를 그릴 수 있다.","이차함수의 기본형 $y=a(x-p)^2+q$의 그래프","1) 이차함수 $y=ax^2$의 그래프를 $x$축 방향으로 $p$만큼, $y$축 방향으로 $q$만큼 평행이동한 것과 같다. 
2) 꼭짓점 : 점 $(p,q)$
3) 축 : 직선 $x=p$"
진단평가6,"고등학교 수학 상/하",19,고등,수학,상,"방정식과 부등식 > 여러가지 부등식 > 연립일차부등식","부등식과 그 해의 의미를 알고, 부등식의 성질을 이해한다.","부등식의 기본 성질","실수 $a,b,c$에 대하여 다음 성질이 성립한다. 
1) $a>b$이고 $b>c$이면 $a>c$
2) $a>b$이면 $a+c>b+c$, $a-c>b-c$ 
3)  $a>b$이고 $c>0$이면 $ac>bc,frac{a}{c}>frac{b}{c}$
4) $a>b$이고 $c<0$이면 $ac<bc,frac{a}{c}<frac{b}{c}$
5) $a,b$가 같은 부호이면 $ab>0,frac{a}{b}>0,frac{b}{a}>0$
6) $a,b$가 다른 부호이면 $ab<0,frac{a}{b}<0,frac{b}{a}<0$"
진단평가6,"고등학교 수학 상/하",20,고등,수학,하,"함수 > 유리함수와 무리함수 > 유리식과 유리함수","유리함수 $y=frac{(ax+b)}{(cx+d)}$의 그래프를 그릴 수 있고, 그 그래프의 성질을 이해한다.","$(분자의차수)geq(분모의차수)$인 경우","$(분자의차수)geq(분모의차수)$인 경우에는 분자를 분모로 나누어 (분자의 차수)$<$(분모의 차수)가 되도록 변형하여 계산한다."
진단평가7,"고등학교 수1",1,고등,수1,전체,"삼각함수 > 삼각함수의 뜻과 그래프 > 삼각함수의 뜻","삼각함수의 뜻을 알고, 그 값을 구할 수 있다.","삼각함수의 값의 부호","삼각함수의 값의 부호는 각 $	heta$의 동경이 위치한 사분면에 따라 다음과  같이 결정된다.
(그림이어서 말로 표현함)
(1) $sin	heta$의 값의 부호는 $	heta$의 동경이 1,2사분면에 위치할 때 $+$, 3,4사분면에 위치할 때 $-$이다.
(2) $cos	heta$의 값의 부호는 $	heta$의 동경의 위치가 $1,4$사분면에 위치할 때 $+$, 2,3사분면에 위치할 때 $-$이다. (3) $	an	heta$의 값의 부호는 $	heta$의 동경의 위치가 1,3사분면에 위치할 때 $+$, 2,4사분면에 위치할 때 $-$이다."
진단평가7,"고등학교 수1",2,고등,수1,전체,"수열 > 수열의 합 > 기호 ∑의 뜻과 성질","SIGMA 의 뜻을 알고, 그 성질을 이해하고, 이를 활용할 수 있다.","$sum $의 성질","기호 $sum $에 대하여 다음 성질이 성립한다.
(1) $sum^n_{kmathop=1}(a_k+b_k)=sum^n_{kmathop=1}{a_k}+sum^n_{kmathop=1}{b_k} $
(2) $sum^n_{kmathop=1}(a_k-b_k)=sum^n_{kmathop=1}{a_k}-sum^n_{kmathop=1}{b_k}$
(3) $sum^n_{kmathop=1}{ca_k}=csum^n_{kmathop=1}{a_k}$ (단, $c$는 상수)
(4) $sum^n_{kmathop=1}c=cn$ (단, $c$는 상수)"
진단평가7,"고등학교 수1",3,고등,수1,전체,"수열 > 등차수열과 등비수열 > 등차수열","등차수열의 뜻을 알고, 일반항을 구할 수 있다.",조화수열,"수열$lbrace a_n brace$에 대하여 각 항의 역수로 이루어진 수열 $lbracefrac{1}{a_n}brace$이 등차수열을 이룰 때, 수열 $lbrace a_n brace$을 조화수열이라 한다.
수열$lbrace a_n brace$이 조화수열이다. $Leftrightarrow$ 수열 $lbrace frac{1}{a_n} brace$이 등차수열이다."
진단평가7,"고등학교 수1",4,고등,수1,전체,"삼각함수 > 삼각함수의 뜻과 그래프 > 일반각과 호도법","호도법의 뜻을 알 수 있다.","부채꼴의 호의 길이와 넓이","반지름의 길이가 $r$, 중심각의 크기가 $	heta$(라디안)인 부채꼴의 호의 길이를$l$, 넓이를 $S$라 하면 다음이 성립한다.
$l=r	heta, S=frac{1}{2}r^2	heta=frac{1}{2}rl$"
진단평가7,"고등학교 수1",5,고등,수1,전체,"지수함수와 로그함수 > 지수함수와 로그함수 > 로그함수와 그 그래프","로그함수의 뜻을 알고, 로그함수의 그래프를 그릴 수 있으며, 그 성질을 설명할 수 있다.","로그함수의 그래프의 대칭이동","로그함수 $y=log_ax(a>0,a
e 1)$의 그래프를 
(1) $x$축에 대하여 대칭이동한 그래프의 식 → $y=-log_ax$
(2) $y$축에 대하여 대칭이동한 그래프의 식 →$y=log_a(-x)$
(3) 원점에 대하여 대칭이동한 그래프의 식 → $y=-log_a(-x)$
(4) 직선$y=x$에 대하여 대칭이동한 그래프의 식 → $y=a^x$"
진단평가7,"고등학교 수1",6,고등,수1,전체,"지수함수와 로그함수 > 지수함수와 로그함수 > 지수함수와 그 그래프","지수함수의 뜻을 알고, 지수함수의 그래프를 그릴 수 있으며, 그 성질을 설명할 수 있다.","지수함수의 성질","지수함수$ y=a^x (a>0, a
e 1)$의 성질은 다음과 같다.
(1) 정의역은 실수 전체의 집합이고, 치역은 양의 실수 전체의 집합이다.
(2) $a>1$일 때, $x$의 값이 증가하면 $y$의 값도 증가한다.
$0<a<1$일 때, $x$의 값이 증가하면 $y$의 값은 감소한다.
(3) 일대일함수이다.
(4) 그래프는 점(0,1)을 지나고, $x$축을 점근선으로 갖는다."
진단평가7,"고등학교 수1",7,고등,수1,전체,"삼각함수 > 삼각함수의 뜻과 그래프 > 일반각과 호도법","호도법의 뜻을 알 수 있다.",호도법,"반지름의 길이가 $r$인 원에서 길이가 $r$인 호에 대한 중심각의 크기는 원의 반지름의 길이에 관계없이 $frac{180^circ}{pi}$로 항상 일정하다. 이 일정한 각의 크기를 1라디안(radian)이라 하며, 이것을 단위로 각의 크기를 나타내는 방법을 호도법이라 한다."
진단평가7,"고등학교 수1",8,고등,수1,전체,"삼각함수 > 삼각함수의 뜻과 그래프 > 삼각함수의 그래프와 성질","사인함수, 코사인함수, 탄젠트함수의 그래프를 그릴 수 있다.","여러가지 각의 삼각함수","각 $x$에 대하여 각 $2npi+x(n은 정수), -x$, $frac{pi}{2}pm x, pipm x$의 삼각함수는 다음과 같다.
(1) $2npi+x$의 삼각함수 (단, $n$은 정수)
$sin (2npi+x)= sin x, cos(2npi+x)=cos x,	an (2npi+x)=	an x$
(2) $-x$의 삼각함수
$sin(-x)=-sin x, cos(-x)=cos x, 	an(-x)=-	an x$
(3) $frac{pi}{2}pm x$의 삼각함수
$sin(frac{pi}{2}+x)=cos x, cos(frac{pi}{2}+x)=-sin x, 	an(frac{pi}{2}+x)=-frac{1}{	an x}
sin(frac{pi}{2}-x)=cos x, cos(frac{pi}{2}-x)=sin x, 	an(frac{pi}{2}-x)=frac{1}{	an x}$
(4) $pipm x$의 삼각함수
$sin(pi+x)=-sin x, cos(pi+x)=-cos x, 	an(pi+x)= 	an x
sin(pi-x)= sin x, cos(pi-x)=-cos x, 	an (pi-x)= -	an x$"
진단평가7,"고등학교 수1",9,고등,수1,전체,"수열 > 수열의 합 > 기호 ∑의 뜻과 성질","SIGMA 의 뜻을 알고, 그 성질을 이해하고, 이를 활용할 수 있다.","$sum $를 이용하여 수열의 합을 구하는 방법","(1) 일반항$a_n$을 구한다.
(2) 일반항$a_n$에서 $n$대신 $k$를 대입하여 $a_k$를 구한다.
(3) $S_n=sum ^n_{kmathop{=}1}a_k$를 이용한다."
진단평가7,"고등학교 수1",10,고등,수1,전체,"지수함수와 로그함수 > 로그 > 로그의 뜻과 성질","로그의 뜻을 알고, 그 성질을 설명할 수 있다.","로그의 성질(2)","$a>0,a
e0,b>0$ 일 때, 다음이 성립한다.
(1) $log_abcdotlog_ba=1$ (단, $b
e1$)
(2) $log _{a^m}b^n=frac{n}{m}log _ab$(단, $m
e0$)
(3) $a^{log_ab}=b$
(4) $a^{log_cb}=b^{log_ca}$ (단, $c>0, c
e1$)"
진단평가7,"고등학교 수1",11,고등,수1,전체,"수열 > 수열의 합 > 기호 ∑의 뜻과 성질","SIGMA 의 뜻을 알고, 그 성질을 이해하고, 이를 활용할 수 있다.","기호 $sum $","수열 ${a_n}$
의 첫째항부터 제 $n$항까지의 합을 기호 $sum $를 사용하여 다음과 같이 나타낸다.
$a_1+a_2+a_3+cdots+a_n=sum ^n_{kmathop{=}1}a_k$"
진단평가7,"고등학교 수1",12,고등,수1,전체,"지수함수와 로그함수 > 로그 > 로그의 뜻과 성질","로그의 뜻을 알고, 그 성질을 설명할 수 있다.","로그의 밑의 변환 공식","$a>0, a
e1, b>0, b
e1$일 때, 다음이 성립한다. 
(1) $log_aN=frac{log_bN}{log_ba}$ (단, $N>0$)
(2) $log_ab=frac{1}{log_ba}$"
진단평가7,"고등학교 수1",13,고등,수1,전체,"지수함수와 로그함수 > 지수함수와 로그함수 > 로그함수와 그 그래프","로그함수의 뜻을 알고, 로그함수의 그래프를 그릴 수 있으며, 그 성질을 설명할 수 있다.","함수$y=log _af(x) (a>0, a
e1)$의 최대와 최소","함수 $y=log _af(x) (a>0, a
e1)$에서

(1) $a>1$인 경우
1. 진수 $f(x)$가 최대일 때, $log _af(x)$도 최대이다.
2. 진수 $f(x)$가 최소일 때, $log _af(x)$도 최소이다.

(2) $0<a<1$인 경우
1. 진수 $f(x)$가 최대일 때, $log _af(x)$도 최소이다.
2. 진수 $f(x)$가 최소일 때, $log _af(x)$도 최대이다."
진단평가7,"고등학교 수1",14,고등,수1,전체,"수열 > 수열의 합 > 여러 가지 수열의 합","여러가지 수열의 첫째항부터 제 n 항까지의 합을 구할 수 있다.","자연수의 거듭제곱의 합","자연수의 거듭제곱의 합은 다음과 같다.
(1) $sum^n_{kmathop=1}k=1+2+3+cdots+n=frac{n(n+1)}{2}$
(2) $sum^n_{kmathop=1}k^2=1^2+2^2+3^2+cdots+n^2=frac{n(n+1)(2n+1)}{6}$
(3) $sum^n_{kmathop=1}k^3=1^3+2^3+3^3+cdots+n^3=(frac{n(n+1)}{2})^2$"
진단평가7,"고등학교 수1",15,고등,수1,전체,"수열 > 등차수열과 등비수열 > 등차수열","등차수열의 뜻을 알고, 일반항을 구할 수 있다.",등차수열,"첫째항부터 차례로 일정한 수를 더하여 만든 수열을 등차수열이라 한다."
진단평가7,"고등학교 수1",16,고등,수1,전체,"수열 > 등차수열과 등비수열 > 등차수열","등차수열의 뜻을 알고, 일반항을 구할 수 있다.","조화수열의 관계식","수열 $lbrace a_n brace$이 조화수열이면 연속하는 세 항 $a_n, a_{n+1}, a_{n+2}$ 사이에 다음 관계가 성립한다.
$frac{2}{a_{n+1}}=frac{1}{a_n}+frac{1}{a_{n+2}} (단, n=1,2,3,cdots)$"
진단평가7,"고등학교 수1",17,고등,수1,전체,"삼각함수 > 삼각함수의 뜻과 그래프 > 삼각함수의 뜻","삼각함수의 뜻을 알고, 그 값을 구할 수 있다.",삼각함수,"원점을 중심으로 하고, 반지름의 길이가 $r$인 원 위의 임의의 점$P(x,y)$에 대하여 $x$축의 양의 부분을 시초선으로 하고 반직선 $OP$를 동경으로 하는 일반각을 $	heta$라 할 때, 
$sin 	heta=frac{y}{r}, cos 	heta=frac{x}{r}, 	an 	heta=frac{y}{x}(xe0)$
이 함수들을 차례로 $	heta$의 사인함수, 코사인함수, 탄젠트함수라 한다. 이와 같은 함수들을 $	heta$에 대한 삼각함수라 한다."
진단평가7,"고등학교 수1",18,고등,수1,전체,"수열 > 수열의 합 > 여러 가지 수열의 합","여러가지 수열의 첫째항부터 제 n 항까지의 합을 구할 수 있다.","분수 꼴로 주어진 수열의 합","분수 꼴로 주어진 수열은 다음과 같이 부분분수로 변형한 후 전개하면 쉽게 계산되는 경우가 많다.
(1) $sum^n_{kmathop=1}frac{1}{k(k+1)}=sum^n_{kmathop=1}(frac{1}{k}-frac{1}{k+1})$
(2) $sum^n_{kmathop=1}frac{1}{k(k+a)}=frac{1}{a}sum^n_{kmathop=1}(frac{1}{k}-frac{1}{k+a})$
(3) $sum^n_{kmathop=1}frac{1}{(k+a)(k+b)}=frac{1}{b-a}sum^n_{kmathop=1}(frac{1}{k+a}-frac{1}{k+b})$
(4) $sum^n_{kmathop=1}frac{1}{k(k+1)(k+2)}=frac{1}{2}sum^n_{kmathop=1}(frac{1}{k(k+1)}-frac{1}{(k+1)(k+2)})$"
진단평가7,"고등학교 수1",19,고등,수1,전체,"지수함수와 로그함수 > 지수함수와 로그함수 > 지수함수와 그 그래프","지수함수의 뜻을 알고, 지수함수의 그래프를 그릴 수 있으며, 그 성질을 설명할 수 있다.","지수에 미지수가 있는 방정식과 지수함수의 관계","$a>0$, $a
e1$일 때, $a^{x_1}=a^{x_2}iff x_1=x_2$"
진단평가7,"고등학교 수1",20,고등,수1,전체,"지수함수와 로그함수 > 지수 > 거듭제곱과 거듭제곱근","거듭제곱과 거듭제곱근의 뜻을 알고, 그 성질을 설명할 수 있다.","거듭제곱근의 대소 비교","거듭제곱근의 성질 (6)과 다음 성질을 이용하여 거듭제곱근의 대소를 비교할 수 있다.
(참고-거듭제곱근의 성질 (6)은 $sqrt[np]{a^{mp}}=sqrt[n]{a^m}$ (단, $p$는 자연수)이다.)

$a>0$, $b>0$일 때
$a<biffsqrt[n]{a}<sqrt[n]{b}$ (단, $n$은 $2$이상의 자연수)"
진단평가8,"고등학교 수2",1,고등,수2,전체,"함수의 극한과 연속 > 함수의 극한 > 함수의 극한의 뜻","함수의 극한의 뜻과 성질을 이해하고, 함수의 극한값을 구할 수 있다.","$x	oinfty$, $x	o-infty$일 때의 함수의 발산","함수 $f(x)$에서 $x	oinfty$ 또는 $x	o-infty$일 때, 함수 $f(x)가 양의 무한대 또는 음의 무한대로 발산하면 이것을 각각 기호로 다음과 같이 나타낸다.
$lim _{x	oinfty}f(x)=infty$, $lim _{x	oinfty}f(x)=-infty$, $lim _{x	o-infty}f(x)=infty$
$lim _{x	o-infty}f(x)=-infty$"
진단평가8,"고등학교 수2",2,고등,수2,전체,"함수의 극한과 연속 > 함수의 극한 > 함수의 극한의 뜻","함수의 극한의 뜻과 성질을 이해하고, 함수의 극한값을 구할 수 있다.",좌극한,"함수 $f(x)$에서 $x$의 값이 $a$보다 작으면서 $a$에 한없이 가까워질 때, $f(x)$의 값이 일정한 값 $eta$에 한없이 가까워지면 $eta$를 $f(x)$의 $x=a$에서의 좌극한이라 하고, 이것을 기호로 다음과 같이 나타낸다.
$lim _{x	o a^-}f(x)=eta$ 또는 $x	o a^-$일 때 $f(x)	oeta$
Remark> $x$의 값이 $a$보다 작으면서 $a$에 한없이 가까워지는 것을 기호로 $x	o a^-$와 같이 나타낸다."
진단평가8,"고등학교 수2",3,고등,수2,전체,"함수의 극한과 연속 > 함수의 극한 > 함수의 극한의 뜻","함수의 극한의 뜻과 성질을 이해하고, 함수의 극한값을 구할 수 있다.","극한값의 존재","함수 $f(x)$의 $x=a$에서의 극한값이 $L$이면 $x=a$에서의 우극한과 좌극한이 모두 존재하고 그 값은 모두 $L$이다. 역으로 $x=a$에서의 우극한과 좌극한이 모두 존재하고 그 값이 $L$로 같으면 $lim _{x	o a}f(x)=L$이다.
즉 다음이 성립한다.$lim _{x	o a}f(x)=Lifflim _{x	o a^+}f(x)=lim _{x	o a^{_{}-}}f(x)=L$
Remark> 함수 $f(x)$의 $x=a$에서의 우극한 또는 좌극한이 존재하지 않거나 모두 존재하더라도 그 값이 같지 않으면 극한값 $lim _{x	o a}f(x)$는 존재하지 않는다."
진단평가8,"고등학교 수2",4,고등,수2,전체,"다항함수의 적분법 > 정적분 > 정적분의 성질","정적분의 뜻을 알고, 다항함수의 정적분을 구할 수 있다.","정적분을 포함한 등식에서 함수 구하기","정적분을 포함한 등식에서 $f(x)$는 다음과 같은 방법으로 구한다. (단, $a, b$는 상수)
⑴ $f(x)=g(x)+int ^b_af(t)differentialD t$와 같이 아래끝과 위끝이 상수인 경우
-> $int ^b_af(t)differentialD t=k$($k$는 상수)로 놓고 $f(x)=g(x)+k$임을 이용한다.
⑵ $int ^x_af(t)differentialD t=g(x)$와 같이 아래끝 또는 위끝에 변수 $x$가 있는 경우
-> 양변을 $x$에 대하여 미분하고 $int ^a_af(t)differentialD t=0$임을 이용한다.
⑶ $int ^x_a(x-t)f(t)differentialD t=g(x)$와 같이 아래끝 또는 위끝, 피적분함수에 변수 $x$가 있는 경우
-> 좌변을 $xint ^x_af(t)differentialD t-int ^x_atf(t)differentialD t$로 변형한 후 양변을 $x$에 대하여 미분한다."
진단평가8,"고등학교 수2",5,고등,수2,전체,"다항함수의 미분법 > 도함수의 활용 > 접선의 방정식","접선의 방정식을 구할 수 있다.","곡선 밖의 한 점 $(x_1,y_1)$이 주어진 경우 접선의 방정식을 구하는 방법","점 $(x_1,y_1)$에서 곡선 $y=f(x)$에 그은 접선의 방정식 구하기
(1) 접점의 좌표를 $(t, f(t))$로 놓는다.
(2) 점 $(t, f(t))$에서의 접선의 방정식은 $y-f(t)=f^{prime}(t)(x-t)$ $cdotcdotcdotcdotcdotcdot$ ㉠
(3) ㉠에 $x=x_1$, $y=y_1$을 대입하여 $t$의 값을 구한다.
(4) (3)에서 구한 $t$의 값을 다시 ㉠에 대입하여 접선의 방정식을 구한다."
진단평가8,"고등학교 수2",6,고등,수2,전체,"다항함수의 미분법 > 미분 계수와 도함수 > 도함수","다항함수의 도함수를 구할 수 있다.",도함수,"미분 가능한 함수 $y=f(x)$의 정의역의 각 원소 $x$에 미분 계수 $f^{prime}(x)$를 대응시키면 새로운
함수
$f^{prime}(x)=lim _{Delta x	o0}frac{f(x+Delta x)-f(x)}{Delta x}$
를 얻는다. 이때 이 함수 $f^{prime}(x)$를 함수 $f(x)$의 도함수라고 하고, 이것을 기호$f'(x)$, $y'$, $frac{dy}{dx}$, $frac d{dx}f(x)$로 나타낸다."
진단평가8,"고등학교 수2",7,고등,수2,전체,"다항함수의 적분법 > 정적분의 활용 > 넓이","곡선으로 둘러싸인 도형의 넓이를 구할 수 있다.","곡선과 $x$축 사이의 넓이","함수 $f(x)$가 닫힌구간 $mleft[a,bmright]$에서 연속일 때, 곡선 $y=f(x)$와 $x$축 및 두 직선 $x=a$, $x=b$로 둘러싸인 도형의 넓이 $S$는 다음과 같다.
$S=int ^b_amleft|f(x)mright|differentialD x$"
진단평가8,"고등학교 수2",8,고등,수2,전체,"다항함수의 미분법 > 도함수의 활용 > 함수의 증가와 감소, 극대와 극소","함수의 증가와 감소, 극대와 극소를 판정하고 설명할 수 있다.","함수의 증가","함수 $f(x)$가 어떤 구간에 속하는 임의의 두 실수 $x_1$, $x_2$에 대하여 
 $x_1<x_2$일 때, $f(x_1)<f(x_2)$이면 $f(x)$는 그 구간에서 증가한다고 한다."
진단평가8,"고등학교 수2",9,고등,수2,전체,"다항함수의 미분법 > 도함수의 활용 > 접선의 방정식","접선의 방정식을 구할 수 있다.","접점의 좌표 $(a,f(a))$가 주어진 경우 접선의 방정식을 구하는 방법","곡선 $y=f(x)$ 위의 점 $(a, f(a))$에서의 접선의 방정식 구하기
(1) 접선의 기울기 f^{prime}(a)를 구한다.
(2) $y-f(a)=f^{prime}(a)(x-a)$임을 이용하여 접선의 방정식을 구한다."
진단평가8,"고등학교 수2",10,고등,수2,전체,"다항함수의 적분법 > 정적분 > 정적분의 성질","정적분의 뜻을 알고, 다항함수의 정적분을 구할 수 있다.","정적분으로 정의된 함수","정적분 $int ^x_af(t)differentialD t$($a$는 상수)에서 $f(t)$의 한 부정적분을 $F(t)$라 하면
$int ^x_af(t)differentialD t=mleft[F(t)mright]^b_a=F(x)-F(a)$이므로 $int ^x_af(t)differentialD t$는 $x$에 대한 함수이다.
이와 같이 정적분의 위끝 또는 아래끝에 적분변수가 아닌 다른 변수가 있는 정적분으로 함수를 정의할 수 있다.
Remark> $int ^x_af(t)differentialD t$에서 $t$는 적분변수이므로 $int ^x_af(t)differentialD t$는 $t$에 대한 함수가 아니고 $x$에 대한 함수이다."
진단평가8,"고등학교 수2",11,고등,수2,전체,"다항함수의 미분법 > 도함수의 활용 > 함수의 증가와 감소, 극대와 극소","함수의 증가와 감소, 극대와 극소를 판정하고 설명할 수 있다.","함수의 증가와 감소의 판정","함수 $f(x)$가 어떤 열린 구간에서 미분 가능할 때
(1) 그 구간의 모든 $x$에 대하여 $f^{prime}(x)>0$이면 $f(x)$는 그 구간에서 증가한다.
(2) 그 구간의 모든 $x$에 대하여 $f^{prime}(x)<0$이면 $f(x)$는 그 구간에서 감소한다."
진단평가8,"고등학교 수2",12,고등,수2,전체,"함수의 극한과 연속 > 함수의 극한 > 함수의 극한의 성질","함수의 극한의 뜻과 성질을 이해하고, 함수의 극한값을 구할 수 있다.","미정 계수의 결정","(1) 두 함수 $f(x)$, $g(x)$에 대하여 $lim _{x	o a}frac{f(x)}{g(x)}=L$ ($L$은 실수)일 때
① $lim _{x	o a}g(x)=0$이면 $lim _{x	o a}f(x)=0$
② $Le0$이고 $lim _{x	o a}f(x)=0$이면 $lim _{x	o a}g(x)=0$
(2) 두 다항함수 $f(x)$, $g(x)$에 대하여 $lim _{x	oinfty}frac{f(x)}{g(x)}=L$ ($Le0$인 실수)일 때
($f(x)$의 차수)$=$($g(x)$의 차수)
이때 극한값 $L$은 (분자의 최고차항의 계수)$div$(분모의 최고차항 계수)이다."
진단평가8,"고등학교 수2",13,고등,수2,전체,"함수의 극한과 연속 > 함수의 극한 > 함수의 극한의 뜻","등비수열의 극한값을 구할 수 있다.","음의 무한대로 발산","함수 $f(x)$에서 $x$의 값이 $a$가 아니면서 $a$에 한없이 가까워질 때, $f(x)$의 값이 음수이면서 그 절댓값이 한없이 커지면 함수 $f(x)$는 음의 무한대로 발산한다고 하고, 이것을 기호로 다음과 같이 나타낸다.
$lim _{x	o a}f(x)=-infty$  또는 $x	o a$일 때 $f(x)	o-infty$"
진단평가8,"고등학교 수2",14,고등,수2,전체,"함수의 극한과 연속 > 함수의 연속 > 연속함수의 성질","연속함수의 성질을 이해하고, 이를 활용할 수 있다.","사잇값의 정리","함수 $f(x)$가 닫힌 구간 $lbrack a,bbrack$에서 연속이고 $f(a)e f(b)$일 때, $f(a)$와 $f(b)$ 사이의 임의의 값 $k$에 대하여
$f(c)=k$
인 $c$가 열린 구간 $(a, b)$에 적어도 하나 존재한다."
진단평가8,"고등학교 수2",15,고등,수2,전체,"함수의 극한과 연속 > 함수의 극한 > 함수의 극한의 성질","함수의 극한의 뜻과 성질을 이해하고, 함수의 극한값을 구할 수 있다.","함수의 극한값 구하는 방법-부정형의 극한값","① $frac{0}{0}$꼴의 극한
? 유리식 -> 분모, 분자를 인수분해한 다음 약분하여 극한값을 구한다.
(인수정리, 조립제법 이용)
? 무리식 -> 분모, 분자 중 $sqrt{placeholder{}}$가 있는 쪽을 먼저 유리화한 후 약분하여 극한값을 구한다.
② $frac{infty}{infty}$ 꼴의 극한
(1) 분모의 최고차항으로 분모, 분자를 각각 나눈다.
(2) $lim _{x	oinfty}frac{k}{x^p}=0$ ($k$는 상수, $p$는 양수)임을 이용하여 극한값을 구한다.
(분자의 차수)$<$(분모의 차수) -> 극한값은 0이다.
(분자의 차수)$=$(분모의 차수) -> 극한값은 분모, 분자의 최고차항의 계수의 비이다.
(분자의 차수)$>$(분모의 차수) -> 발산한다.
③ $infty-infty$꼴의 극한
? 다항식인 경우 -> 최고차항으로 묶는다.
? $sqrt{placeholder{}}$가 있는 경우 -> 분모를 1로 보고 분자를 유리화한다.
④ $infty	imes0$꼴의 극한
? 분모 또는 분자에 다항식이 있는 경우 -> 통분하거나 인수분해한다.
? 분모 또는 분자에 $sqrt{placeholder{}}$가 있는 경우 -> $sqrt{placeholder{}}$가 있는 쪽을 유리화한다."
진단평가8,"고등학교 수2",16,고등,수2,전체,"다항함수의 미분법 > 도함수의 활용 > 접선의 방정식","접선의 방정식을 구할 수 있다.","접선의 기울기","함수 $f(x)$가 $x=a$에서 미분 가능할 때, 곡선 $y=f(x)$ 위의 점 $(a, f(a))$에서의 접선의 기울기는 $f^{prime}(a)$이다."
진단평가8,"고등학교 수2",17,고등,수2,전체,"다항함수의 적분법 > 정적분 > 정적분","정적분의 뜻을 알고, 다항함수의 정적분을 구할 수 있다.",정적분,"⑴ 정적분
함수 $f(x)$가 두 실수 $a, b$를 포함하는 구간에서 연속일 때, $f(x)$의 한 부정적분을 $F(x)$라 하면 $x$의 값이 $a$에서 $b$까지 변할 때의 $F(x)$의 변화량 $F(b)-F(a)$를 함수 $f(x)$의 $a$에서 $b$까지의 정적분이라 하고, 이것을 기호로
$int ^b_af(x)differentialD x$와 같이 나타낸다. 또 $F(b)-F(a)$를 기호로
$mleft[F(x)mright]^b_a$와 같이 나타낸다.
$int ^b_af(x)differentialD x=mleft[F(x)mright]^b_a=F(b)=F(a)$
정적분 $int ^b_af(x)differentialD x$의 값을 구하는 것을 함수 $f(x)$를 $a$에서 $b$까지 적분한다고 하고, $a$를 아래끝, $b$를 위끝이라 한다. 이때 $a$에서 $b$까지를 적분 구간이라 한다.
Remark> 정적분 $int ^b_af(x)differentialD x$의 함수 $f$와 아래끝 $a$, 위끝 $b$에 의하여 결정되므로 적분변수와는 상관이 없다. 즉, $int ^b_af(x)differentialD x=int ^b_af(y)differentialD y=int ^b_af(t)differentialD t$이다.
⑵ 함수 $f(x)$가 두 실수 $a, b$를 포함하는 구간에서 연속일 때, 다음이 성립한다.
① $int ^a_af(x)differentialD x=0$
② $int ^a_bf(x)differentialD x=-int ^b_af(x)differentialD x$"
진단평가8,"고등학교 수2",18,고등,수2,전체,"다항함수의 미분법 > 도함수의 활용 > 함수의 증가와 감소, 극대와 극소","함수의 증가와 감소, 극대와 극소를 판정하고 설명할 수 있다.","함수의 최댓값과 최솟값","함수 $f(x)$가 닫힌구간 $lbrack a,bbrack$에서 연속일 때, 함수의 최댓값과 최솟값은 다음과 같은 순서로 구한다.
(1) 닫힌구간 $lbrack a,bbrack$에서 $f(x)$의 극댓값, 극솟값을 모두 구한다.
(2) 닫힌구간 $lbrack a,bbrack$의 양 끝에서의 함숫값 $f(a)$, $f(b)$를 구한다.
(3) (1), (2)에서 구한 극댓값, 극솟값, $f(a)$, $f(b)$ 중에서 가장 큰 값이 최댓값, 가장 작은 값이 최솟값이다."
진단평가8,"고등학교 수2",19,고등,수2,전체,"함수의 극한과 연속 > 함수의 연속 > 연속함수","함수의 연속의 뜻을 안다.",연속함수,"함수 $f(x)$가
(1) 열린 구간 $(a, b)$에서 연속이고
(2) $lim _{x	o a+}f(x)=f(a)$, $lim _{x	o b-}f(x)=f(b)$
일 때, 함수 $f(x)$는 닫힌구간 $lbrack a,bbrack$에서 연속이라 한다."
진단평가8,"고등학교 수2",20,고등,수2,전체,"다항함수의 미분법 > 미분계수와 도함수 > 미분계수","미분계수의 뜻과 기하적 의미를 이해하고, 그 값을 구할 수 있다.",증분,"함수 $y=f(x)$에서 $x$의 값이 $a$에서 $b$까지 변할 때, 함숫값은 $f(a)$에서 $f(b)$까지 변한다. 이때,
$x$의 값의 변화량 $b-a$를 $x$의 증분,
$y$의 값의 변화량 $f(b)-f(a)$를 $y$의 증분이라 하고, 이것을 기호로 각각 $differencedelta x,differencedelta y$와 같이 나타낸다. 즉,
$differencedelta x=b-a$,
$differencedelta y=f(b)-f(a)=f(a+differencedelta x)-f(a)$
Remark> $differencedelta$는 차를 뜻하는 Difference의 첫 글자 D에 해당하는 그리스 문자로 '델타(delta)'라 읽는다."
진단평가9,"수능 공통",1,고등,수학,상,"도형의 방정식 > 평면좌표 > 선분의 내분과 외분","선분의 외분을 이해하고, 외분점의 좌표를 구할 수 있다.","수직선 위의 선분의 외분점","1) 선분 $AB$를 $m:n(m>0,n>0,me n)$으로 외분하는 점 $Q$의 좌표
$Q(frac{mx_2-nx_1}{m-n})$"
진단평가9,"수능 공통",2,고등,수학,상,"다항식 > 나머지정리와 인수분해 > 항등식","항등식의 성질을 이해한다.",계수비교법,"계수비교법 : 항등식의 양변의 동류항의 계수는 서로 같다는 항등식의 성질을 활용하여 양변의 동류항의 계수를 비교하여 미정계수를 구한다."
진단평가9,"수능 공통",3,고등,수2,전체,"다항함수의 적분법 > 정적분의 활용 > 넓이","곡선으로 둘러싸인 도형의 넓이를 구할 수 있다.","주기함수의 정적분","함수 $f(x)$가 주기가 $p$인 주기함수이면 $y=f(x)$의 그래프는 오른쪽 그림과 같이 일정한 모양이 반복된다. 따라서 함수 $y=f(x)$의 그래프와 $x=a$, $x=b$로 둘러싸인 도형의 넓이가 정적분 $int ^b_amleft|f(x)mright|differentialD x$의 값과 같음을 이용하면 주기함수의 정적분의 값을 간단히 구할 수 있다.
함수 $f(x)$가 주기가 $p$인 주기함수이고 $f(x)ge0$일 때, 다음이 성립한다.
① ($y=f(x)$의 그래프와 $x$축 및 두 직선 $x=a$, $x=b$로 둘러싸인 도형의 넓이) $=$ ($y=f(x)$의 그래프와 $x$축 및 두 직선 $x=a+p$, $x=b+p$로 둘러싸인 도형의 넓이)
-> $int ^b_af(x)differentialD x=int ^{b+p}_{a+p}f(x)differentialD x$
② ($y=f(x)$의 그래프와 $x$축 및 두 직선 $x=a$, $x=a+p$로 둘러싸인 도형의 넓이) $=$ ($y=f(x)$의 그래프와 $x$축 및 두 직선 $x=b$, $x=b+p$로 둘러싸인 도형의 넓이)
-> $int ^{a+p}_af(x)differentialD x=int ^{b+p}_bf(x)differentialD x$ -> 한 주기에 해당하는 구간에서의 정적분의 값은 항상 일정하다.
위의 성질은 $f(x)$의 부호에 관계없이 항상 성립한다."
진단평가9,"수능 공통",4,고등,수1,전체,"수열 > 등차수열과 등비수열 > 등비수열","등비수열의 첫째항부터 제 n 항까지의 합을 구할 수 있다.","$S_n$이 등비수열의 합이 되기 위한 필요충분조건","$S_n$이 등비수열의 합이 되기 위한 필요충분조건은 $S_n=Ar^n-A$"
진단평가9,"수능 공통",5,고등,수2,전체,"다항함수의 적분법 > 정적분 > 정적분의 성질","정적분의 뜻을 알고, 다항함수의 정적분을 구할 수 있다.","정적분을 포함한 등식에서 함수 구하기","정적분을 포함한 등식에서 $f(x)$는 다음과 같은 방법으로 구한다. (단, $a, b$는 상수)
⑴ $f(x)=g(x)+int ^b_af(t)differentialD t$와 같이 아래끝과 위끝이 상수인 경우
-> $int ^b_af(t)differentialD t=k$($k$는 상수)로 놓고 $f(x)=g(x)+k$임을 이용한다.
⑵ $int ^x_af(t)differentialD t=g(x)$와 같이 아래끝 또는 위끝에 변수 $x$가 있는 경우
-> 양변을 $x$에 대하여 미분하고 $int ^a_af(t)differentialD t=0$임을 이용한다.
⑶ $int ^x_a(x-t)f(t)differentialD t=g(x)$와 같이 아래끝 또는 위끝, 피적분함수에 변수 $x$가 있는 경우
-> 좌변을 $xint ^x_af(t)differentialD t-int ^x_atf(t)differentialD t$로 변형한 후 양변을 $x$에 대하여 미분한다."
진단평가9,"수능 공통",6,고등,수학,상,"방정식과 부등식 > 여러가지 방정식 > 연립이차방정식","미지수가 2개인 연립이차방정식을 풀 수 있다.","대칭식으로 이루어진 연립방정식","연립방정식을 이루는 방정식이 모두 $x,y$에 대한 대칭식인 경우에는 다음과 같은 순서로 푼다.
1) $x+y=u, xy=v$로 놓고 주어진 연립방정식을 $u,v$에 대한 연립방정식으로 변형한다.
2) 1)에서 만든 연립방정식을 풀어 $u,v$의 값을 구한다.
3) $x,y$는 이차방정식 $t^2-ut+v=0$의 두 근임을 이용하여 $x,y$의 값을 구한다."
진단평가9,"수능 공통",7,고등,수학,상,"도형의 방정식 > 직선의 방정식 > 두 직선의 평행과 수직","두 직선의 수직 조건을 이해하고, 주어진 직선에 수직인 직선의 방정식을 구할 수 있다.","두 직선이 수직일 조건","두 직선 $y=mx+n,y={m}^{prime}x+{n}^{prime}$에 대하여 다음이 성립한다.
1) 두 직선이 서로 수직이면 $m{m}^{prime}=-1$
2) $m{m}^{prime}=-1$이면 두 직선은 서로 수직이다."
진단평가9,"수능 공통",8,고등,수2,전체,"함수의 극한과 연속 > 함수의 극한 > 함수의 극한의 뜻","함수의 극한의 뜻과 성질을 이해하고, 함수의 극한값을 구할 수 있다.","극한값의 존재","함수 $f(x)$의 $x=a$에서의 극한값이 $L$이면 $x=a$에서의 우극한과 좌극한이 모두 존재하고 그 값은 모두 $L$이다. 역으로 $x=a$에서의 우극한과 좌극한이 모두 존재하고 그 값이 $L$로 같으면 $lim _{x	o a}f(x)=L$이다.
즉 다음이 성립한다.$lim _{x	o a}f(x)=Lifflim _{x	o a^+}f(x)=lim _{x	o a^{_{}-}}f(x)=L$
Remark> 함수 $f(x)$의 $x=a$에서의 우극한 또는 좌극한이 존재하지 않거나 모두 존재하더라도 그 값이 같지 않으면 극한값 $lim _{x	o a}f(x)$는 존재하지 않는다."
진단평가9,"수능 공통",9,고등,수학,하,"집합과 명제 > 명제 > 절대부등식","절대부등식의 의미를 이해하고, 간단한 절대부등식을 증명할 수 있다",절대부등식,"부등식에는 절대부등식과 조건 부등식이 있다. 절대부등식이란 문자를 포함한 부등식에서 그 문자에 어떤 실수값을 대입해도 항상 성립하는 부등식이다."
진단평가9,"수능 공통",10,고등,수2,전체,"다항함수의 미분법 > 도함수의 활용 > 함수의 그래프와 그 활용","방정식과 부등식에 대한 문제를 해결할 수 있다.","모든 실수에 대하여 성립하는 부등식의 증명","모든 실수 $x$에 대하여 부등식 $f(x)>0$ 또는 $f(x)<0$이 성립함을 다음과 같이 증명할 수 있다.
① 모든 실수 $x$에 대하여 부등식 $f(x)>0$이 성립한다.
-> 함수 $f(x)$에 대하여 ($f(x)$의 최솟값)$>0$ 임을 보인다.
② 모든 실수 $x$에 대하여 부등식 $f(x)<0$이 성립한다.
-> 함수 $f(x)$에 대하여 ($f(x)$의 최댓값) $<0$ 임을 보인다.
Remark> 
· 모든 실수 $x$에 대하여 부등식 $f(x)>g(x)$가 성립함을 증명하려면 $h(x)=f(x)-g(x)$로 놓고, $h(x)>0$임을 보인다.
· 모든 실수 $x$에 대하여 부등식 $f(x)ge0$이 성립함을 증명하려면 함수 $f(x)$에 대하여 ($f(x)$의 최솟값) $ge0$임을 보인다."
진단평가9,"수능 공통",11,고등,수1,전체,"지수함수와 로그함수 > 지수함수와 로그함수 > 지수함수와 그 그래프","지수함수의 뜻을 알고, 지수함수의 그래프를 그릴 수 있으며, 그 성질을 설명할 수 있다.","지수함수의 그래프의 대칭이동","지수함수 $y=a^x (a>0,a
e 1)$ 의 그래프를 
(1) $x$축에 대하여 대칭이동한 그래프의 식 → $y=-a^x$
(2) $y$축에 대하여 대칭이동한 그래프의 식 → $y=(frac{1}{a})^x$
(3) 원점에 대하여 대칭이동한 그래프의 식 → $y=-(frac{1}{a})^x$"
진단평가9,"수능 공통",12,고등,수학,상,"다항식 > 다항식의 연산 > 다항식의 나눗셈","다항식의 사칙연산을 할 수 있다.","다항식의 나눗셈에 대한 등식","다항식 $A$를 다항식 $B$ ($Be0$)로 나누었을 때의 몫을 $Q$, 나머지를 $R$라 하면 $A=BQ+R$ (단, $R$는 상수이거나 ($R$의 차수)$<$($B$의 차수))
특히, $R=0$, 즉 $A=BQ$이면 $A$는 $B$로 나누어떨어진다고 한다."
진단평가9,"수능 공통",13,고등,수학,하,"함수 > 함수 > 합성함수","함수의합성을 이해하고, 합성함수를 구할 수 있다.",합성함수,"세 집합 $X,Y,Z$에 대하여 두 함수 $f,g$가 $fcolon Xlongrightarrow Y$,$gcolon Ylongrightarrow Z$일 때, 집합 $X$의 각 원소 $x$에 집합 $Y$의 원소 $f(x)$를 대응시키고, 다시 이 $f(x)$에 집합 $Z$의 원소 $g(f(x))$를 대응시키면 $X$를 정의역, $Z$를 공역으로 하는 새로운 함수를 정의할 수 있다. 이 함수를 $f$와 $g$의 합성함수라 하고 기호로 $gcirc f$와 같이 나타낸다.
함수 $gcirc fcolon Xlongrightarrow Z$에서 $x$의 함숫값을 기호로 $(gcirc f)(x)$와 같이 나타낸다. 이때 집합 $X$의 원소 $x$에 집합 $Z$의 원소 $g(f(x))$가 대응하므로 $gcirc fcolon Xlongrightarrow Z$,$(gcirc f)(x)=gmleft(fmleft(xmright)mright)$이다. 따라서 $f$와 $g$의 합성함수를 $y=g(f(x))$와 같이 나타낼 수 있다."
진단평가9,"수능 공통",14,고등,수학,상,"방정식과 부등식 > 복소수와 이차방정식 > 이차방정식의 근과 계수의 관계","이차방정식의 근과 계수의 관계를 이해한다.","이차방정식의 켤레근의 성질","이차방정식 $ax^2+bx+c=0$에서 다음이 성립한다.
1) $a,b,c$가 유리수일 때, $p+qsqrt[]{m}$이 근이면 $p-qsqrt[]{m}$도 근이다.(단, $p,q$는 유리수, $qe0$, $sqrt[]{m}$은 무리수)
2) $a,b,c$가 실수일 때, $p+qi$가 근이면 $p-qi$도 근이다. (단, $p,q$는 실수, $qe0$, $i=sqrt[]{-1}$)"
진단평가9,"수능 공통",15,고등,수1,전체,"삼각함수 > 삼각함수의 뜻과 그래프 > 일반각과 호도법","호도법의 뜻을 알 수 있다.","호도법과 육십분법의 관계","호도법과 육십분법 사이에는 다음과 같은 관계가 성립한다. 
1라디안=$frac{180^circ}{pi}$, $1^circ$=$frac{pi}{180^circ}$, $pi$ 라디안= $180^circ$"
진단평가9,"수능 공통",16,고등,수학,하,"함수 > 함수 > 여러가지 함수","함수의 개념을 이해하고, 그 그래프를 이해한다.",우함수,"정의역 임의의 원소 $x$에 대하여  $f(-x)=f(x)$를 만족시키는 함수를 우함수라고 한다."
진단평가9,"수능 공통",17,고등,수2,전체,"다항함수의 미분법 > 도함수의 활용 > 접선의 방정식","접선의 방정식을 구할 수 있다.","접선의 방정식","함수 $f(x)$가 $x=a$에서 미분 가능할 때, 곡선 $y=f(x)$ 위의 점 $P(a,f(a))$에서의 접선의 방정식은 $y-f(a)={f}^{prime}(a)(x-a)$
Remark> 곡선 $y=f(x)$위의 점  $P(a,f(a))$를 지나고, 이 점에서의 접선에 수직인 직선의 방정식은 $y-f(a)=frac{1}{{f}^{prime}(a)}(x-a)$(단, ${f}^{prime}(a)e0$)"
진단평가9,"수능 공통",18,고등,수1,전체,"삼각함수 > 삼각함수의 뜻과 그래프 > 일반각과 호도법","호도법의 뜻을 알 수 있다.","부채꼴의 호의 길이와 넓이","반지름의 길이가 $r$, 중심각의 크기가 $	heta$(라디안)인 부채꼴의 호의 길이를$l$, 넓이를 $S$라 하면 다음이 성립한다.
$l=r	heta, S=frac{1}{2}r^2	heta=frac{1}{2}rl$"
진단평가9,"수능 공통",19,고등,수학,하,"함수 > 유리함수와 무리함수 > 유리식과 유리함수","유리함수 $y=frac{(ax+b)}{(cx+d)}$의 그래프를 그릴 수 있고, 그 그래프의 성질을 이해한다.","유리식의 성질","유리식의 성질은 세 다항식 $A,B,C(B
e0,C
e0)$에 대하여 다음 성질이 성립한다.
$frac{A}{B}=frac{A	imes C}{B	imes C},frac{A}{B}=frac{Adiv C}{Bdiv C}$"
진단평가9,"수능 공통",20,고등,수1,전체,"지수함수와 로그함수 > 지수 > 거듭제곱과 거듭제곱근","거듭제곱과 거듭제곱근의 뜻을 알고, 그 성질을 설명할 수 있다.",거듭제곱근,"방정식 $x^n=a$의 근 $x$를 $a$의 $n$제곱근이라 한다.
이때 실수 $a$의 제곱근, 세제곱근, 네제곱근, $cdots$을 통틀어 $a$의 거듭제곱근이라 한다."
진단평가10,"수능 선택 : 확률과 통계",1,고등,미적,전체,"적분법 > 여러 가지 적분법 > 치환적분법","치환적분법을 이해하고, 이를 활용할 수 있다.","치환적분법을 이용한 정적분","닫힌구간 $lbrack a,bbrack$에서 연속인 함수 $f(x)$에 대하여 미분가능한 함수 $x=g(t)$의 도함수 $g'(t)$가 닫힌구간 $lbrackalpha,etabrack$에서 연속이고 $a=g(alpha)$, $b=g(eta)$이면
$int ^b_af(x)mathrm{d}x=int ^{eta}_{alpha}f(g(t))g^{prime}(t)mathrm{d}t$"
진단평가10,"수능 선택 : 확률과 통계",2,고등,미적,전체,"미분법 > 여러 가지 함수의 미분 > 삼각함수의 덧셈정리","삼각함수의 덧셈정리를 활용할 수 있다.","배각의 공식","삼각함수의 덧셈정리로부터 다음과 같은 배각의 공식을 얻을 수 있다.
1. $sin 2alpha=2sin alphacos alpha$
2. $cos 2alpha=cos ^2alpha-sin^2alpha=2cos^2alpha-1=1-2sin^2alpha$
3. $	an 2alpha=frac{2	an alpha}{1-	an ^2alpha}$"
진단평가10,"수능 선택 : 확률과 통계",3,고등,미적,전체,"미분법 > 여러 가지 미분법 > 함수의 몫의 미분법","다항함수의 도함수를 구할 수 있다.","함수 $y=x^n$($n$은 정수)의 도함수","$n$이 정수일 때, 함수 $y=x^n$의 도함수는 다음과 같다.
$y^{prime}=nx^{n-1}$"
진단평가10,"수능 선택 : 확률과 통계",4,고등,미적,전체,"미분법 > 도함수의 활용 > 함수의 그래프","함수의 그래프의 개형을 그릴 수 있다.","변곡점의 판정","함수 $y=f(x)$에서 $f^{doubleprime}(x)=0$이고 $x=a$의 좌우에서 $f^{doubleprime}(x)$의 부호가 바뀌면 점 $(a,f(a))$는 곡선 $y=f(x)$의 변곡점이다."
진단평가10,"수능 선택 : 확률과 통계",5,고등,미적,전체,"적분법 > 정적분의 활용 > 속도와 거리","속도와 거리에 대한 문제를 해결할 수 있다.","곡선의 길이","1. 곡선 $x=f(t)$, $y=g(t)$$(ale tle b)$의 겹치는 부분이 없을 때 길이 $l$은 다음과 같다.
$l=int ^b_asqrt[]{(frac{differentialD x}{differentialD t})^2+(frac{differentialD y}{differentialD t})^2}mathrm{d}t=int ^b_asqrt[]{{f^{prime}(t)}^2+{g^{prime}(t)}^2}mathrm{d}t$
2. 곡선 $y=f(x)$$(ale tle b)$의 길이 $l$은 다음과 같다.
$l=int ^b_asqrt[]{1+{f^{prime}(x)}^2}mathrm{d}x$"
진단평가10,"수능 선택 : 확률과 통계",6,고등,미적,전체,"미분법 > 도함수의 활용 > 함수의 그래프","함수의 증가와 감소, 극대와 극소를 판정하고 설명할 수 있다.","함수의 증가와 감소","(1) 함수 $f(x)$가 어떤 구간에 속하는 임의의 두 수 $x_1$, $x_2$에 대하여 
 $x_1<x_2$일 때 $f(x_1)<f(x_2)$이면 함수 $f(x)$는 이 구간에서 증가한다고 한다.
 $x_1<x_2$일 때 $f(x_1)>f(x_2)$이면 함수 $f(x)$는 이 구간에서 감소한다고 한다.
(2) 함수 $f(x)$가 어떤 열린 구간에서 미분 가능할 때, 이 구간에 속하는 모든 $x$에 대하여
 $f’(x)>0$이면 $f(x)$는 이 구간에서 증가한다.
 $f’(x)<0$이면 $f(x)$는 이 구간에서 감소한다."
진단평가10,"수능 선택 : 확률과 통계",7,고등,미적,전체,"적분법 > 정적분의 활용 > 속도와 거리","속도와 거리에 대한 문제를 해결할 수 있다.","직선 위의 점의 위치와 움직인 거리","수직선 위를 움직이는 $P$의 시각 $t$에서의 속도가 $v(t)$이고, 시각 $t=a$에서의 위치가 $x_0$일 때, 다음이 성립한다.
1. 시각 $t$에서의 점 $P$의 위치 $x$는 $x=x_0+int ^t_av(t)mathrm{d}t$
2. 시각 $t=a$에서 $t=b$까지 점 $P$의 위치의 변화량은 $int ^b_av(t)mathrm{d}t$
3. 시각 $t=a$에서 $t=b$까지 점 $P$가 움직인 거리 $s$는 $s=int ^b_amleft|v(t)mright|mathrm{d}t$"
진단평가10,"수능 선택 : 확률과 통계",8,고등,미적,전체,"미분법 > 여러 가지 함수의 미분 > 지수함수와 로그함수의 미분","지수함수와 로그함수를 미분 할 수 있다.","로그함수의 도함수","로그함수 $y=ln x,y=log _ax$의 도함수는 다음과 같다.
1. $y=ln x$이면 $y^{prime}=frac{1}{x}$
2. $y=log _ax(a>0,a
e1)$이면 $y^{prime}=frac{1}{xln a}$"
진단평가10,"수능 선택 : 확률과 통계",9,고등,미적,전체,"적분법 > 정적분의 활용 > 넓이","곡선으로 둘러싸인 도형의 넓이를 구할 수 있다.","두 곡선 사이의 넓이","1. 두 함수 $f(x)$, $g(x)$가 닫힌구간 $lbrack a,bbrack$에서 연속일 때, 두 곡선 $y=f(x)$, $y=g(x)$와 두 직선 $x=a$, $x=b$로 둘러싸인 도형의 넓이 $S$는 다음과 같다.
$S=int ^b_amleft|f(x)-g(x)mright|mathrm{d}x$
2. 두 함수 $f(y)$, $g(y)$가 닫힌구간 $lbrack c,dbrack$에서 연속일 때, 두 곡선 $x=f(y)$, $x=g(y)$와 두 직선 $y=c$, $y=d$로 둘러싸인 도형의 넓이 $S$는 다음과 같다.
$S=int ^d_cmleft|f(y)-g(y)mright|mathrm{d}y$"
진단평가10,"수능 선택 : 확률과 통계",10,고등,미적,전체,"미분법 > 도함수의 활용 > 함수의 그래프","함수의 그래프의 개형을 그릴 수 있다.","함수의 최댓값과 최솟값","함수 $f(x)$가 닫힌구간 $lbrack a,bbrack$에서 연속이면 최대·최소 정리에 의하여 $f(x)$는 이 구간에서 반드시 최댓값과 최솟값을 갖는다.

함수 $f(x)$가 닫힌구간 $lbrack a,bbrack$에서 연속이면
(ⅰ) $y=f(x)$의 극댓값, 극솟값을 모두 구한다.
(ⅱ) 주어진 구간의 양 끝 점의 함숫값 $f(a)$, $f(b)$를 구한다.
=> 극댓값, 극솟값, $f(a)$, $f(b)$ 중에서 가장 큰 값이 최댓값, 가장 작은 값이 최솟값이다."
진단평가10,"수능 선택 : 확률과 통계",11,고등,미적,전체,"미분법 > 도함수의 활용 > 함수의 그래프","함수의 그래프의 개형을 그릴 수 있다.","곡선의 오목과 볼록의 판정","이계도함수를 갖는 함수 $f(x)$가 어떤 구간에서
(1) $f'(x)>0$이면 곡선 $y=f(x)$는 이 구간에서 아래로 볼록하다.
(2) $f'(x)<0$이면 곡선 $y=f(x)$는 이 구간에서 위로 볼록하다."
진단평가10,"수능 선택 : 확률과 통계",12,고등,미적,전체,"미분법 > 여러 가지 함수의 미분 > 지수함수와 로그함수의 극한","지수함수와 로그함수의 극한을 구할 수 있다.","$e$의 정의를 이용한 지수함수와 로그함수의 극한","$a>0,a
e1$일 때, 다음이 성립한다.
1. $lim _{x	o0}frac{ln (1+x)}{x}=1$
2. $lim _{x	o0}frac{e^x-1}{x}=1$
3. $lim _{x	o0}frac{log _a(1+x)}{x}=frac{1}{ln a}$
4. $lim _{x	o0}frac{a^x-1}{x}=ln a$"
진단평가10,"수능 선택 : 확률과 통계",13,고등,미적,전체,"적분법 > 여러 가지 적분법 > 여러 가지 함수의 정적분","삼각함수의 부정적분과 정적분을 구할 수 있다.","우함수와 기함수의 정적분","함수 $f(x)$가 닫힌구간 $lbrack -a,abrack$에서 연속일 때
(1) $f(-x)=f(x)$이면 함수 $f(x)$를 우함수라 하고
$int ^a_{-a}f(x)mathrm{d}x=2int ^a_0fmleft(xmright)mathrm{d}x$
(2) $f(-x)=-f(x)$이면 함수 $f(x)$를 기함수라 하고
$int ^a_{-a}f(x)mathrm{d}x=0$"
진단평가10,"수능 선택 : 확률과 통계",14,고등,미적,전체,"미분법 > 여러 가지 함수의 미분 > 삼각함수의 덧셈정리","삼각함수의 덧셈정리를 활용할 수 있다.","삼각함수 $csc 	heta$, $sec 	heta$, $cot 	heta$","(1) 일반각 $	heta$를 나타내는 동경과 원점 $O$를 중심으로 하고 반지름의 길이가 $r$인 원의 교점을 $P(x,y)$라 할 때, 
$csc 	heta=frac{r}{y}$ ($ye0$), $sec 	heta=frac{r}{x}$ ($xe0$), $cot 	heta=frac{x}{y}$ ($ye0$)
(2) 삼각함수의 정의에 의하여 
$csc 	heta=frac{1}{sin 	heta}$, $sec 	heta=frac{1}{cos 	heta}$, $csc 	heta=frac{1}{	an 	heta}$"
진단평가10,"수능 선택 : 확률과 통계",15,고등,미적,전체,"미분법 > 도함수의 활용 > 접선의 방정식","접선의 방정식을 구할 수 있다.","접선의 방정식을 구하는 방법","곡선 $y=f(x)$에 대하여
(1) 접점의 좌표 $(a,f(a))$가 주어진 경우
(ⅰ) 접선의 기울기 $f'(a)$를 구한다.
(ⅱ) $y-f(a)=f'(a)(x-a)$를 이용하여 접선의 방정식을 구한다.
(2) 기울기 $m$이 주어진 경우
(ⅰ) 접점의 좌표를 $(a,f(a))$로 놓는다.
(ⅱ) $f'(a)=m$을 이용하여 접점의 좌표를 구한다.
(ⅲ) $y-f(a)=m(x-a)$를 이용하여 접선의 방정식을 구한다.
(3) 곡선 밖의 한 점의 좌표 $(x_1,y_1)$이 주어진 경우
(ⅰ) 접점의 좌표를 $(a,f(a))$로 놓는다.
(ⅱ) 접선의 기울기가 $f'(a)$이므로 접선의 방정식은 $y-f(a)=f'(a)(x-a)$   ······㉠
(ⅲ) ㉠에 점 $(x_1,y_1)$을 대입하여 $a$의 값을 구한다.
(ⅳ) $a$의 값을 ㉠에 대입하여 접선의 방정식을 구한다."
진단평가10,"수능 선택 : 확률과 통계",16,고등,미적,전체,"적분법 > 여러 가지 적분법 > 치환적분법","치환적분법을 이해하고, 이를 활용할 수 있다.","삼각치환법을 이용한 정적분","(1) 피적분함수가 $sqrt[]{a^2-x^2}$ ($a>0$)의 꼴인 경우
=> $x=asin 	heta$ $(-frac{pi}{2}leq	hetaleqfrac{pi}{2})$로 치환한 후 $sin ^2	heta+cos ^2	heta=1$을 이용한다.
(2) 피적분함수가 $frac{1}{x^2+a^2}$ ($a>0$)의 꼴인 경우
=> $x=a	an 	heta$ $(-frac{pi}{2}leq	hetaleqfrac{pi}{2})$로 치환한 후 $1+	an ^2	heta=sec ^2	heta$를 이용한다."
진단평가10,"수능 선택 : 확률과 통계",17,고등,미적,전체,"수열의 극한 > 급수 > 급수","급수의 수렴, 발산의 뜻을 알고, 이를 판별할 수 있다.",부분합,"급수 $sum ^{infty}_{nmathop=1}a_n$에서 첫째항부터 제$n$항까지의 합 $S_n$, 즉 
$S_n=a_1+a_2+a_3+cdots+a_n=sum ^n_{kmathop=1}a_k$를 이 급수의 제$n$항까지의 부분합이라 한다."
진단평가10,"수능 선택 : 확률과 통계",18,고등,미적,전체,"미분법 > 도함수의 활용 > 함수의 그래프","함수의 그래프의 개형을 그릴 수 있다.",변곡점,"곡선 $y=f(x)$ 위의 점 $P(a, f(a))$에 대하여 $x=a$의 좌우에서 곡선의 모양이 아래로 볼록에서 위로 볼록으로 변하거나 위로 볼록에서 아래로 볼록으로 변할 때, 점 $P$를 곡선 $y=f(x)$의 변곡점이라 한다.
즉, $x=a$의 좌우에서 이계도함수 $f'(x)$의 부호가 바뀌는 점 $P(a,f(a))$가 곡선 $y=f(x)$의 변곡점이다."
진단평가10,"수능 선택 : 확률과 통계",19,고등,미적,전체,"적분법 > 여러 가지 적분법 > 치환적분법","치환적분법을 이해하고, 이를 활용할 수 있다.","치환적분법의 적용","피적분함수의 꼴에 따라 다음과 같이 치환적분법을 적용할 수 있다. (단, $C$는 적분상수)
(1) $f(ax+b)$ ($a$, $b$는 상수, $a
e0$)의 꼴인 경우
$int f(x)mathrm{d}x=F(x)+C$이면
$int f(ax+b)mathrm{d}x=frac{1}{a}F(ax+b)+C$
(2) $f(g(x))g^{prime}(x)$의 꼴인 경우
$g(x)=t$로 놓으면
$int f(g(x))g^{prime}(x)mathrm{d}x=int f(t)differentialD t$
(3) $frac{f^{prime}(x)}{f(x)}$의 꼴인 경우
$int frac{f^{prime}(x)}{f(x)}mathrm{d}x=ln mleft|f(x)mright|+C$"
진단평가10,"수능 선택 : 확률과 통계",20,고등,미적,전체,"수열의 극한 > 수열의극한 > 등비수열의 극한","등비수열의 극한값을 구할 수 있다.","귀납적으로 정의된 수열의 극한에서 수열의 극한에 대한 기본 성질 이용하기","$a_{n+1}=pa_n+q$에서 $-1<p<1$이면 수열 ${a_n}$은 수렴한다. 따라서 $a_{n+1}=frac{2}{3}a_n+1$에서 $-1<frac{2}{3}<1$이므로 수열 ${a_n}$은 수렴한다. $a_{n+1}=frac{2}{3}a_n+1$에서 $lim _{n	oinfty}a_{n+1}=lim _{n	oinfty}(frac{2}{3}a_n+1)$ 따라서, $lim _{n	oinfty}a_{n+1}=frac{2}{3}lim _{n	oinfty}a_n+1$ 이때 $lim _{n	oinfty}a_n=alpha$로 놓으면 $lim _{n	oinfty}a_{n+1}=lim _{n	oinfty}a_n=alpha$이므로 $alpha=frac{2}{3}alpha+1,frac{1}{3}alpha=1$ 따라서 $alpha=3$ 그러므로 $lim _{n	oinfty}a_n=3$"
진단평가11,"수능 선택 : 미적분",1,고등,기하,전체,"이차곡선 > 이차곡선 > 포물선","포물선의 뜻을 알고, 포물선의 방정식을 구할 수 있다.","포물선과 포물선의 초점, 준선, 축, 꼭짓점","평면 위의 한 점 $F$와 이 점을 지나지 않는 한 직선 $l$이 주어질 때, 점 $F$와 직선$l$에 이르는 거리가 같은 점들의 집합을 포물선이라고 한다. 이때 점 $F$를 포물선의 초점, 직선$l$을 포물선의 준선, 포물선의 초점 $F$를 지나고 준선 $l$에 수직인 직선을 포물선의 축, 포물선과 축의 교점을 꼭짓점이라 한다.
① 포물선은 축에 대하여 대칭이다.
② 포물선의 정의에 의하여 포물선 위의 점에서 초점까지의 거리와 준선까지의 거리가 같다."
진단평가11,"수능 선택 : 미적분",2,고등,기하,전체,"이차곡선 > 이차곡선과 직선 > 쌍곡선과 직선","이차곡선과 직선의 위치 관계를 이해하고, 접선의 방정식을 구할 수 있다.","쌍곡선의 접선의 방정식","(1) 기울기가 주어진 쌍곡선의 접선의 방정식
① 쌍곡선 $frac{x^2}{a^2}-frac{y^2}{b^2}=1$에 접하고 기울기가 $m$인 직선의 방정식은 
$y=mxpmsqrt[]{a^2m^2-b^2}$ (단, $a^2m^2-b^2>0$)
② 쌍곡선 $frac{x^2}{a^2}-frac{y^2}{b^2}=-1$에 접하고 기울기가 $m$인 직선의 방정식은 
$y=mxpmsqrt[]{b^2-a^2m^2}$ (단, $b^2-a^2m^2>0$)

(2) 쌍곡선 위의 점에서의 접선의 방정식
① 쌍곡선 $frac{x^2}{a^2}-frac{y^2}{b^2}=1$ 위의 점 $P(x_1,y_1)$에서의 접선의 방정식은
$frac{x_1x}{a^2}-frac{y_1y}{b^2}=1$
② 쌍곡선 $frac{x^2}{a^2}-frac{y^2}{b^2}=-1$ 위의 점 $P(x_1,y_1)$에서의 접선의 방정식은
$frac{x_1x}{a^2}-frac{y_1y}{b^2}=-1$

(3) 쌍곡선 밖의 점에서 쌍곡선에 그은 접선의 방정식
① 쌍곡선 위의 점에서의 접선의 방정식 이용 : 접점의 좌표를 $(x_1,y_1)$라 할 때, 이 점에서의 접선이 점 $P$를 지남을 이용한다.
② 판별식 이용 : 점 $P$를 지나고 기울기가 $m$인 직선의 방정식과 쌍곡선의 방정식을 연립하여 얻은 이차방정식의 판별식이 0임을 이용한다."
진단평가11,"수능 선택 : 미적분",3,고등,기하,전체,"공간도형 > 공간도형 > 위치관계","직선과 직선, 직선과 평면, 평면과 평면의 위치 관계에 대한 간단한 증명을 할 수 있다.","두 평면의 수직에 대한 정리","공간에서 두 평면의 수직에 대하여 다음과 같은 정리가 성립한다.
(1) 평면 $alpha$에 수직인 직선 l을 포함하는 평면 $eta$는 $alpha$와 수직이다.
(2) 평면 $alpha$에 수직인 평면 $eta$위의 한 점 A에서 두 평면 $alpha, eta$의 교선에 내린 수선의 발을 O라고 할 때, 선분 AO는 평면 $alpha$에 수직이다.
(3) 평면 $alpha$에 수직인 두 평면 $eta, gamma$가 만날 때, 그 교선 l은 평면 $alpha$에 수직이다."
진단평가11,"수능 선택 : 미적분",4,고등,기하,전체,"벡터 > 벡터의 연산 > 벡터의 실수배","벡터의 덧셈, 뺄셈, 실수배를 할 수 있다.","세 점이 한 직선 위에 있을 조건","세 점 $A$, $B$, $C$가 한 직선 위에 있을 조건
(1) $overrightarrow{AC}=koverrightarrow{AB}$
(2) 한 점 $O$에 대하여 $overrightarrow{OC}=moverrightarrow{OA}+noverrightarrow{OB}$ (단, $m+n=1$)
"
진단평가11,"수능 선택 : 미적분",5,고등,기하,전체,"벡터 > 벡터의 연산 > 벡터","벡터의 뜻을 안다.","크기가 같고 방향이 반대인 벡터","벡터 $vec{a}$의 크기는 같지만 방향이 반대인 벡터를 기호로 $-vec{a}$와 같이 나타낸다. 즉,
$mleft|-vec{a}mright|=vec{a}$, $mleft|overrightarrow{BA}mright|=-mleft|overrightarrow{AB}mright|$"
진단평가11,"수능 선택 : 미적분",6,고등,기하,전체,"이차곡선 > 이차곡선 > 포물선","포물선의 뜻을 알고, 포물선의 방정식을 구할 수 있다.","포물선의 방정식의 일반형","(1) 축이 $x$축에 평행한 포물선의 방정식은 $y^2+Ax+By+C=0$ (단, $A$, $B$, $C$는 상수, $A
e0$)
(2) 축이 $y$축에 평행한 포물선의 방정식은 $x^2+Ax+By+C=0$ (단, $A$, $B$, $C$는 상수, $B
e0$)"
진단평가11,"수능 선택 : 미적분",7,고등,기하,전체,"벡터 > 벡터의 연산 > 벡터의 실수배","벡터의 덧셈, 뺄셈, 실수배를 할 수 있다.","백터의 실수배에 대한 연산 법칙","두 실수 $k$, $l$과 두 벡터 $vec{a}$, $vec{b}$에 대하여
(1) 결합법칙 : $k(lvec{a})=(kl)vec{a}$
(2) 분배법칙 : $(k+l)vec{a}=kvec{a}+lvec{a}$, $k(vec{a}+vec{b})=kvec{a}+kvec{b}$"
진단평가11,"수능 선택 : 미적분",8,고등,기하,전체,"이차곡선 > 이차곡선과 직선 > 포물선과 직선","이차곡선과 직선의 위치 관계를 이해하고, 접선의 방정식을 구할 수 있다.","이차곡선과 직선의 위치 관계","이차곡선의 방정식 $ax^2+by^2+cx+dy+e=0$와 직선의 방정식 $y=mx+n$을 연립하여 얻은 이차방정식의 판별식을 $D$라 할 때,
(1) $D>0$이면 서로 다른 두 점에서 만난다.
(2) $D=0$이면 한 점에서 만난다. (접한다.)
(3) $D>0$이면 만나지 않는다."
진단평가11,"수능 선택 : 미적분",9,고등,기하,전체,"벡터 > 평면벡터의 성분과 내적 > 평면벡터의 성분","위치벡터의 뜻을 알고, 평면벡터와 좌표의 대응을 이해한다.","평면벡터의 성분과 평행","영벡터가 아닌 두 벡터 $vec{a}=(a_1,a_2)$, $vec{b}=(b_1,b_2)$에 대하여
$vec{a}parallelvec{b}Leftrightarrow b_1=ka_1, b_2=ka_2$  (단, $k$는 0이 아닌 실수) $Leftrightarrowfrac{b_1}{a_1}=frac{b_2}{a_2}$"
진단평가11,"수능 선택 : 미적분",10,고등,기하,전체,"벡터 > 평면벡터의 성분과 내적 > 평면벡터의 내적","벡터의 내적의 뜻을 알고, 이를 활용할 수 있다.","두 평면벡터가 이루는 각","(1) 두 평면벡터가 이루는 각
영벡터가 아닌 두 평면벡터 $vec{a}$, $vec{b}$에 대하여 $vec{a}=overrightarrow{OA}$, $vec{b}=overrightarrow{OB}$일 때, 
$angle AOB=	heta$ ($0degreeleq	hetaleq180degree$)
를 두 벡터 $vec{a}$, $vec{b}$가 이루는 각의 크기라 한다."
진단평가11,"수능 선택 : 미적분",11,고등,기하,전체,"공간도형 > 공간좌표 > 구의 방정식","구의 방정식을 구할 수 있다.","구의 방정식","중심이 점 (a, b, c)이고 반지름의 길이가 r인 구의 방정식은 다음과 같다.
$(x-a)^2+(y-b)^2+(z-c)^2=r^2$"
진단평가11,"수능 선택 : 미적분",12,고등,기하,전체,"벡터 > 평면벡터의 성분과 내적 > 직선과 원의 방정식","평면에서 직선의 방정식을 벡터를 이용하여 나타낼 수 있다.","두 직선의 수직조건","두 직선 $l$, $m$의 방향벡터가 각각 $vec{u}=(u_1,u_2)$, $vec{v}=(v_1,v_2)$일 때,
 $lperp mLeftrightarrowvec{u}cdotvec{v}=0Leftrightarrow u_1v_1+u_2v_2=0$"
진단평가11,"수능 선택 : 미적분",13,고등,기하,전체,"벡터 > 평면벡터의 성분과 내적 > 평면벡터의 성분","위치벡터의 뜻을 알고, 평면벡터와 좌표의 대응을 이해한다.","평면벡터의 성분","좌표평면에서 임의의 점 $A(a_1,a_2)$의 위치벡터를 $vec{a}$라 할 때, 벡터 $vec{a}$는
    $vec{a}=a_1vec{e_1}+a_2vec{e_2}$
와 같이 나타낼 수 있다.
이때 실수 $a_1$, $a_2$를 벡터 $vec{a}$의 성분이라 하고 $a_1$을 $x$성분, $a_2$를 $y$성분이라 한다.
또, 벡터 $vec{a}$를 성분을 이용하여 다음과 같이 나타낼 수 있다.
   $vec{a}=(a_1,a_2)$"
진단평가11,"수능 선택 : 미적분",14,고등,기하,전체,"공간도형 > 공간좌표 > 선분의 내분점과 외분점","좌표공간에서 선분의 내분점과 외분점의 좌표를 구할 수 있다.","선분의 내분점과 외분점","좌표공간의 두 점 $A(x_1,y_1,z_1)$, $B(x_2,y_2,z_2)$에 대하여
(1) 선분 $AB$를 $m:n$ ($m>0$, $n>0$)으로 내분하는 점 $P$의 좌표는
$(frac{mx_2+nx_1}{m+n},frac{my_2+ny_1}{m+n},frac{mz_2+nz_1}{m+n})$
(2) 선분 $AB$를 $m:n$ ($m>0$, $n>0$, $me n$)으로 내분하는 점 $Q$의 좌표는
$(frac{mx_2-nx_1}{m-n},frac{my_2-ny_1}{m-n},frac{mz_2-nz_1}{m-n})$"
진단평가11,"수능 선택 : 미적분",15,고등,기하,전체,"벡터 > 평면벡터의 성분과 내적 > 직선과 원의 방정식","평면에서 원의 방정식을 벡터를 이용하여 나타낼 수 있다.","원의 방정식","(1) 벡터를 이용한 원의 방정식
점 A를 중심으로 하고 반지름의 길이가 $r$인 원 위의 임의의 점을 $P$라 할 때, 두 점 $A$, $P$의 위치벡터를 각각 $vec{a}$, $vec{p}$라 하면 원의 방정식은
$mleft|vec{p}-vec{a}mright|=r$ 또는 $(vec{p}-vec{a})cdot(vec{p}-vec{a})=r^2$

(2) 지름의 양 끝 점이 주어진 원의 방정식
두 점 $A(x_1,y_1)$, $B(x_2,y_2)$를 지름의 양 끝 점으로 하는 원의 방정식은
$(x-x_1)(x-x_2)+(y-y_1)(y-y_2)=0$"
진단평가11,"수능 선택 : 미적분",16,고등,기하,전체,"벡터 > 벡터의 연산 > 벡터의 덧셈과 뺄셈","벡터의 덧셈, 뺄셈, 실수배를 할 수 있다.","벡터의 덧셈에 대한 연산 법칙","세 벡터 $vec{a}$, $vec{b}$, $vec{c}$에 대하여 
(1) 교환법칙 : $vec{a}+vec{b}=vec{b}+vec{a}$
(2) 결합법칙 : $(vec{a}+vec{b})+vec{c}=vec{a}+(vec{b}+vec{c})$
(3) 항등원 : $vec{a}+vec{0}=vec{0}+vec{a}=vec{a}$
(4) 역원 : $vec{a}+(-vec{a})=(-vec{a})+vec{a}=vec{0}$
"
진단평가11,"수능 선택 : 미적분",17,고등,기하,전체,"이차곡선 > 이차곡선과 직선 > 포물선과 직선","이차곡선과 직선의 위치 관계를 이해하고, 접선의 방정식을 구할 수 있다.","포물선의 접선의 방정식","(1) 기울기가 주어진 포물선의 접선의 방정식 
포물선 $y^2=4px$에 접하고 기울기가 $m$($me0$)인 방정식은 $y=mx+frac{p}{m}$
참고. 포물선 $x^2=4py$에 접하고 기울기가 $m$($me0$)인 방정식은 $y=mx-m^2p$

(2) 포물선 위의 점에서의 접선의 방정식
① 포물선 $y^2=4px$ 위의 점 $P(x_1,y_1)$에서의 접선의 방정식 : $y_1y=2p(x+x_1)$
② 포물선 $x^2=4py$ 위의 점 $P(x_1,y_1)$에서의 접선의 방정식 : $x_1x=2p(y+y_1)$

(3) 포물선 밖의 점에서 포물선에 그은 접선의 방정식을 구하는 방법 
① 포물선 위의 점에서의 접선의 방정식 이용 : 접점의 좌표를 $(x_1,y_1)$이라 할 때, 이 점에서의 접선이 점 P를 지남을 이용한다.
② 기울기가 주어진 접선의 방정식 이용 : 접전의 기울기를 $m$이라 할 때, 이 접선이 점 P를 지남을 이용한다.
③ 판별식 이용 : 점 $P$를 지나고 기울기가 $m$인 직선의 방정식과 포물선의 방정식을 연립하여 얻은 이차방정식의 판별식이 0임을 이용한다."
진단평가11,"수능 선택 : 미적분",18,고등,기하,전체,"공간도형 > 공간도형 > 위치관계","직선과 직선, 직선과 평면, 평면과 평면의 위치 관계에 대한 간단한 증명을 할 수 있다.","두 평면이 이루는 각","서로 다른 두 평면이 만나면 네 개의 이면각이 생기는데, 이 중에서 크기가 크지 않은 한 이면각의 크기를 두 평면이 이루는 각의 크기라 한다. (두 평면이 이루는 각의 크기를 $	heta$라 하면 $0leqdegree	hetaleq90degree$이다.)
특히, 두 평면이 이루는 각이 직각일 때 두 평면은 서로 수직이라 한다, ( 두 평면을 $alpha$, $eta$라 하면, 이것을 기호로 $alphaperpeta$와 같이 나타낸다. )"
진단평가11,"수능 선택 : 미적분",19,고등,기하,전체,"벡터 > 평면벡터의 성분과 내적 > 위치벡터","위치벡터의 뜻을 알고, 평면벡터와 좌표의 대응을 이해한다.","삼각형의 무게중심의 위치벡터","세 점 $A$, $B$, $C$의 위치벡터를 각각 $vec{a}$, $vec{b}$, $vec{c}$라 할 때, 삼각형 $ABC$의 무게중심 $G$의 위치벡터 $vec{g}$는 $vec{g}=frac{vec{a}+vec{b+vec{c}}}{3}$"
진단평가11,"수능 선택 : 미적분",20,고등,기하,전체,"공간도형 > 공간좌표 > 선분의 내분점과 외분점","좌표공간에서 선분의 내분점과 외분점의 좌표를 구할 수 있다.","삼각형의 무게중심","좌표공간의 세 점 $A(x_1, y_1, z_1), B(x_2, y_2, z_2), C(x_3, y_3, z_3)$을 꼭짓점으로 하는 삼각형 ABC의 무게중심 G의 좌표는 다음과 같다.
$G(frac{x_1+x_2+x_3}{3}, frac{y_1+y_2+y_3}{3}, frac{z_1+z_2+z_3}{3})$"
진단평가12,"수능 선택 : 기하",1,고등,확통,전체,"통계 > 확률분포 > 이산확률변수와 확률분포","확률변수와 확률분포의 뜻을 알 수 있다.","이산확률변수와 확률질량함수","이산확률변수 : 확률변수가 가질 수 있는 값들이 유한개 이거나 자연수와 같이 셀 수 있을 때, 이 확률변수를 이산확률변수라 한다.

확률질량함수 : 이산확률변수 $X$가 가질 수 있는 모든 값 $x_1,x_2,x_3,cdots,x_n$에 이 값을 가질 확률 $p_1,p_2,p_3,cdots,p_n$이 대응되는 관계를 나타내는 함수
$P(X=x_i)=p_i$ ($i=1,2,3,cdots,n$)
를 이산확률변수 $X$의 확률질량함수라 한다.

이산확률변수 $X$의 확률질량함수가 $P(X=x_i)=p_i$ ($i=1,2,3,cdots,n$)일 때, 확률의 기본성질에 의하여 다음이 성립한다.
1) 확률은 0에서 1까지의 값을 갖는다.
$0le p_ile1$
2) 확률의 총합은 1이다.
$p_1,p_2,p_3,cdots,p_n=1$

Remark) 확률변수 $X$가 $a$ 이상 $b$ 이하의 값을 가질 확률은 $P(ale Xle b)$와 같이 나타낸다."
진단평가12,"수능 선택 : 기하",2,고등,확통,전체,"통계 > 확률분포 > 이산확률변수와 확률분포","이산확률변수의 기댓값(평균)과 표준편차를 구할 수 있다.","이산확률변수 X의 기댓값(평균)","(1)$x_1p_1+x_2p_2+cdots+x_np_n$을 이산확률변수 X의 기댓값 또는 평균이라 하고, 이것을 기호로 $E(X)$와 같이 나타낸다.
$E(X) = x_1p_1+x_2p_2+cdots+x_np_n$
(2)$E(X)$에서 E는 기댓값을 뜻하는 Expectation의 첫 글자이고, $E(X)$를 평균을 뜻하는 mean의 첫 글자 m으로 나타내기도 한다."
진단평가12,"수능 선택 : 기하",3,고등,확통,전체,"경우의 수 > 이항정리 > 이항정리","이항정리를 이해하고 이를 이용하여 문제를 해결할 수 있다.","$(a+b+c)^n$의 전개식의 일반항","자연수 $n$에 대하여 $(a+b+c)^n$의 일반항 : $frac{n!}{p!q!r!}a^pb^qc^r$ (단, $p+q+r=n$, $pge0$, $qge0$, $rge0$ )

$p+q+r=n$이고, $(a+b+c)^n$에서 $a^pb^qc^r$의 계수 : $_nC_pcdot_{n-p}C_q$=$frac{n!}{p!q!r!}$"
진단평가12,"수능 선택 : 기하",4,고등,확통,전체,"경우의 수 > 이항정리 > 이항정리","이항정리를 이해하고 이를 이용하여 문제를 해결할 수 있다.","파스칼의 삼각형","자연수의 $n$의 값이 1, 2, 3, 4, $cdots$일 때, $(a+b)^n$의 전개식에서 이항계수를 다음과 같이 배열하고 가장 위쪽에 자연수 1을 놓아 삼각형 모양으로 만들 수 있다.
1) 첫 번째 줄에 1을 적는다.
2) 각 단계의 양 끝에 1을 적는다.
3) 각 단계의 이웃하는 두 수의 합을 다음 단계의 두 수 사이에 적는다.
이와 같이 이항계수를 배열한 것을 파스칼의 삼각형이라 한다.

파스칼 삼각형으로 확인 가능한 조합의 성질
1) $_nC_0=1,_nC_n=1$
2) $_nC_r=_nC_{n-r}$
3) $_nC_r=_{n-1}C_{r-1}+_{n-1}C_r$"
진단평가12,"수능 선택 : 기하",5,고등,확통,전체,"확률 > 조건부 확률 > 사건의 독립과 종속","사건의 독립과 종속의 의미를 이해하고, 이를 설명할 수 있다.","배반사건과 독립사건의 관계","$P(A)e0,P(B)e0$인 두 사건 $A$, $B$에 대하여
1) $A$, $B$가 서로 배반사건 이면 $A$, $B$는 서로 종속이다.
2) $A$, $B$가 서로 독립이면 $A$, $B$는 서로 배반사건이 아니다."
진단평가12,"수능 선택 : 기하",6,고등,확통,전체,"통계 > 확률분포 > 정규분포","정규분포의 뜻을 알고, 그 성질을 이해할 수 있다.","정규분포의 표준화","확률변수 $X$가 정규분포 $N(m,sigma^2)$을 따를 때, 확률변수 $Z=frac{X-m}{sigma}$은 표준정규분포 $N(0,1)$을 따른다.
이와같이 정규분포 $N(m,sigma^2)$을 따르는 확률변수 $X$를 표준정규분포 $N(0,1)$을 따르는 확률변수 $Z$로 바꾸는 것을 표준화라 한다.
$P(ale Xle b)=P(frac{a-m}{sigma}le Zlefrac{b-m}{sigma})$"
진단평가12,"수능 선택 : 기하",7,고등,확통,전체,"통계 > 확률분포 > 이산확률변수와 확률분포","확률변수와 확률분포의 뜻을 알 수 있다.",확률변수,"(1) 어떤 시행에서 표본공간의 각 원소에 하나의 실수를 대응시킨 함수를 확률변수라 한다.
(2) 확률변수 X가 어떤 값 x를 가질 확률을 기호로 $P(X=x)$와 같이 나타낸다.
(3) 확률변수는 표본공간을 정의역으로 하고, 실수 전체의 집합을 공역으로 하는 함수이지만 변수의 역할도 하므로 확률변수라 부른다.
(4) 확률변수는 보통 알파벳 대문자 X, Y, Z 등으로 나타내고, 확률변수가 가질 수 있는 값은 소문자 x, y, z 등으로 나타낸다."
진단평가12,"수능 선택 : 기하",8,고등,확통,전체,"경우의 수 > 순열과 조합 > 중복조합","중복조합을 이해하고, 중복조합의 수를 구할 수 있다.","순열, 중복순열, 조합, 중복조합의 비교","서로 다른 $n$개의 문자 중에서 $r$개의 문자를 택하는 경우의 수를 비교

1) 순서를 생각하고 서로 다른 $r$개의 문자를 택하는 경우
순열 : $_nP_r$

2) 순서를 생각하고 중복을 허용하여 $r$개의 문자를 택하는 경우
중복순열 : $_nPi_r=n^r$

3) 순서를 생각하지 않고 서로 다른 $r$개의 문자를 택하는 경우
조합 : $_nC_r$

4) 순서를 생각하지 않고 중복을 이용하여 $r$개읭 문자를 택하는 경우
중복조합 : $_nPi_r=_{n+r-1}C_r$"
진단평가12,"수능 선택 : 기하",9,고등,확통,전체,"통계 > 확률분포 > 이산확률변수와 확률분포","이산확률변수의 기댓값(평균)과 표준편차를 구할 수 있다.","이산확률변수 aX+b의 평균, 분산, 표준편차","이산확률변수 X와 두 상수 a ($a
e0$), b에 대하여
(1) 평균 : $E(aX+b)=aE(X)+b$
(2) 분산 : $V(aX+b)=a^2V(X)$
(3) 표준편차 : $sigma(aX+b)=vert avertsigma(X)$
(4) 위의 성질은 이산확률변수뿐만 아니라 일반적으로 모든 확률변수에 대하여 성립한다."
진단평가12,"수능 선택 : 기하",10,고등,확통,전체,"통계 > 통계적 추정 > 모집단과 표본","모집단과 표본의 뜻을 알고 표본추출의 원리를 이해할 수 있다.","모집단과 표본","모집단과 전수조사
통계 조사에서 조사하고자 하는 대상 전체를 모집단이라 하고, 모집단 전체를 조사하는 것을 전수조사라 한다.

표본과 표본조사
모집단에서 뽑은 일부분을 표본이라 하고, 표본을 뽑아 조사하는 것을 표본조사라 한다. 또 표본조사에서 뽑은 표본의 개수를 표본의 크기라 한다.

추출
모집단에 속하는 각 대상이 같은 확률로 추출되도록 표본을 추출하는 방법을 임의추출이라 한다. 또 한개의 자료를 뽑은 후 되돌려 놓고 다시 뽑는 것을 복원추출, 되돌려 놓지 않고 뽑는 것을 비복원추출이라 한다.
Remark)
1) 모집단에서 표본을 뽑는 것을 추출이라 한다.
2) 특별한 말이 없으면 임의추출은 복원추출로 간주한다.
3) 모집단의 크기가 표본의 크기에 비해 매우 큰 경우에는 비복원추출도 복원추출로 볼 수 있다."
진단평가12,"수능 선택 : 기하",11,고등,확통,전체,"통계 > 통계적 추정 > 모평균의 추정","모평균을 추정하고, 그 결과를 해석할 수 있다.","모평균의 추정","추정
표본을 조사해 얻은 정보를 이용하여 모평균, 모표준편차와 같이 모집단의 특성을 나타내는 값을 추측하는 것을 추정이라 한다.

모평균에 대한 신뢰구간
정규분포 $N(m,sigma^2)$을 따르는 모집단에서 임의추출한 크기가 $n$인 표본의 표본평균 $ar{X}$의 값이 $ar{x}$일 때, 신뢰도에 따른 모평균 $m$에 대한 신뢰구간은 다음과 같다.
1) 신뢰도 95%의 신뢰구간
$ar{x}-1.96frac{sigma}{sqrt[]{n}}le mlear{x}+1.96frac{sigma}{sqrt[]{n}}$
2) 신뢰도 99%의 신뢰구간
$ar{x}-2.58frac{sigma}{sqrt[]{n}}le mlear{x}+2.58frac{sigma}{sqrt[]{n}}$

Remark)
$P(-kle Zle k)=frac{alpha}{100}$일 때, 모평균 $m$에 대한 신뢰도 $alpha$%의 신뢰구간 : $ar{x}-kfrac{sigma}{sqrt[]{n}}le mlear{x}+kfrac{sigma}{sqrt[]{n}}$
표본의 크기 $n$이 충분히 크면 표본표준편차 $S$의 값 $s$는 모표준편차 $sigma$와 큰 차이가 없음이 알려져 있다. 따라서 정규분포를 따르는 모집단에서 모표준편차를 모르는 경우에 $sigma$대신 $s$를 이용하여 모평균에 대한 신뢰구간을 구할 수도 있다."
진단평가12,"수능 선택 : 기하",12,고등,확통,전체,"확률 > 확률의 뜻과 활용 > 확률의 뜻과 기본 성질","확률의 개념과 그 기본성질을 이해하고, 확률을 구할 수 있다.","통계적 확률","같은 시행을 $n$번 반복할 때 사건 $A$가 일어난 횟수를 $r_n$이라 하면 $n$이 충분히 커짐에 따라 상대도수 $frac{r_n}{n}$이 일정한 값 $p$에 가까워진다고 알려져 있다. 이때 $p$를 사건 $A$의 통계적 확률이라 한다.
Remark) 실제로 통계적 확률을 구할 때 $n$의 값을 한없이 크게 할 수 없으므로 $n$이 충분히 클 때의 상대도수 $frac{r_n}{n}$으로 통계적 확률을 대신한다."
진단평가12,"수능 선택 : 기하",13,고등,확통,전체,"경우의 수 > 순열과 조합 > 여러 가지 순열","합의 법칙과 곱의 법칙을 이해하고, 이를 이용하여 경우의 수를 구할 수 있다.","합의 법칙","1. 두 사건 A,B가 동시에 일어나지 않을 때, 사건 A와 사건 B가 일어나는 경우의 수가 각각 m,n이면 사건 A또는 사건 B가 일어나는 경우의 수는 $m+n$
(1-1) 합의 법칙은 어느 두 사건도 동시에 일어나지 않는 셋 이상의 사건에 대해서도 성립한다. 
(1-2) 두 사건 A, B가 일어나는 경우의 집합을 각각 A, B라고 하면 사건 A와 사건 B가 동시에 일어나는 경우의 집합은  $Acap B$이므로 $n(Acup B)=n(A)+n(B)-n(Acap B)$
그런데 두 사건 A, B가 동시에 일어나지 않을 때에는 $Acap B=varnothing$이므로 $n(Acup B)=n(A)+n(B)$"
진단평가12,"수능 선택 : 기하",14,고등,확통,전체,"경우의 수 > 순열과 조합 > 여러 가지 순열","중복순열을 이해하고, 그 순열의 수를 구할 수 있다.",중복순열,"(1) 중복순열
서로 다른 n개에서 중복을 허용하여 r개를 택하는 순열을 중복순열이라 하고, 이 중복순열의 수를 기호로 $_nPi_r$와 같이 나타낸다.
(2) 중복순열의 수
서로 다른 n개에서 r개를 택하는 중복순열의 수는 $_nPi_r=n	imes n	imes n	imescdots	imes n=n^r$
(3) 중복순열인 경우
(3-1) 중복을 허용하여 만드는 정수의 개수 문제
(3-2) 기명 투표 문제
(3-3) 모스 부호 문제
(3-4) 깃발 신호 문제
(3-5) 우체통 문제
(3-6) 반 편성 문제
(3-7) 함수의 개수 문제
(3-8) 호텔 투숙 문제
(4) $_nPi_r$의 $_{placeholder{}}Pi_{placeholder{}}$는 곱을 뜻하는 Product의 첫 글자 P에 해당하는 그리스 문자로 '파이'라 읽는다.
(5) '서로 다른', '중복 불허'의 뜻이 있으면 순열(중복순열이 아닌 순열)이고, '중복 불허'의 뜻이 없으면 무조건 중복순열이다.
(6) $_nP_r$에서는 반드시 $ngeq r$이어야 하지만, $_nPi_r$에서는 중복하여 택할 수 있기 때문에 $n<r$일 수도 있다.
"
진단평가12,"수능 선택 : 기하",15,고등,확통,전체,"경우의 수 > 순열과 조합 > 여러 가지 순열","중복순열을 이해하고, 그 순열의 수를 구할 수 있다.","중복순열과 함수","1. 정의역의 서로 다른 두 원소에 공역의 같은 원소가 대응되어도 되므로 공역의 원소를 중복하여 택할 수 있기 때문이다. 따라서 함수의 개수는 중복순열의 수와 같다.
2. 두 집합 X, Y에 대하여
 $n(X)=r,n(Y)=n$일 때,
X에서 Y로의 일대일 함수의 개수는 $_nP_r$(순열의 수) (단, $ngeq r$)"
진단평가12,"수능 선택 : 기하",16,고등,확통,전체,"경우의 수 > 순열과 조합 > 여러 가지 순열","원순열을 이해하고, 그 순열의 수를 구할 수 있다","다각형의 둘레에 배열하는 경우의 수","1. 정사각형 모양의 탁자에 n명을 앉히는 경우의수는 $(n-1)!	imesfrac{n}{4}$
2. 정사각형이 아닌 직사각형 모양의 탁자에 n명을 앉히는 경우의 수는 $(n-1)!	imesfrac{n}{2}$
3. 정삼각형 모양의 탁자에 n명을 앉히는 경우의 수는 $(n-1)!	imesfrac{n}{3}$

일반적으로 서로 다른 $n$개를 다각형으로 배열하는 경우의 수는 다음과 같다.
$(n-1)!	imes(회전시켰을 때 겹치지 않는 자리의 수)$"
진단평가12,"수능 선택 : 기하",17,고등,확통,전체,"경우의 수 > 이항정리 > 이항정리","이항정리를 이해하고 이를 이용하여 문제를 해결할 수 있다.",이항정리,"자연수 $n$에 대하여 $(a+b)^n$의 전개식을 조합의 수를 이용하여 나타내면 다음과 같고, 이것을 이항정리라 한다.
$(a+b)^n=_nC_0a^n+_nC_1a^{n-1}b^1+cdots+_nC_ra^{n-r}b^r+cdots+_nC_nb^n$

또 $(a+b)^n$의 전개식에서 각 항의 계수 $_nC_0, _nC_1, cdots, _nC_r, cdots, _nC_n$을 이항 계수라한다.
$_nC_ra^{n-r}b^r$을 $(a+b)^n$의 전개식의 일반항이라 한다.

Remark)
1) $a^0=1$, $b^0=1$로 정한다. (단, $a
e0$, $b
e0$ )
2) $_nC_r=_nC_{n-r}$이므로 $(a+b)^n$의 전개식에서 $a^{n-r}b^r$의 계수와 $a^{r}b^{n-r}$의 계수는 같다."
진단평가12,"수능 선택 : 기하",18,고등,확통,전체,"경우의 수 > 순열과 조합 > 중복조합","중복조합을 이해하고, 중복조합의 수를 구할 수 있다.",중복조합,"중복을 허용하여 만든 조합을 중복조합이라 하고, 서로 다른 $n$개에서 중복을 허용하여 $r$개를 택하는 중복조합의 수를 기호로 $_nH_r$와 같이 나타낸다.

서로 다른 $n$개에서 $r$개를 택하는 중복조합의 수는 다음과 같다.
$_nH_r=_{n+r-1}C_r$

Remark) $_nC_r$에서는 $0le rle n$이어야 하지만 $_nH_r$에서는 중복하여 택할 수 있기 때문에 $r>n$일 수도 있다."
진단평가12,"수능 선택 : 기하",19,고등,확통,전체,"경우의 수 > 순열과 조합 > 여러 가지 순열","순열의 의미를 이해하고, 순열의 수를 구할 수 있다",순열,"1. 서로 다른 n 개에서 r$(0<rleq n)$ 개를 택하여 일렬로 나열하는 것을 n 개에서 r 개를 택하는 순열이라 하고, 이 순열의 수를 기호로 $_nP_r$와 같이 나타낸다.
2. 순열의 수
(1)서로 다른 n 개에서 r 개를 택하는 순열의 수는
$_nP_r=n(n-1)(n-2)	imescdots	imes(n-r+1)$ (단, $0<rleq n$)
(2) $n!$을 이용한 순열의 수
(2-1) $_nP_n=n(n-1)(n-2)	imescdots	imes3	imes2	imes1=n!$
(2-2) $_nP_r=frac{n!}{(n-r)!}$ (단, $0leq rleq n$)
(2-3) $_nP_0=1$, $0!=1$
3. 1부터 n까지의 자연수를 차례대로 곱한 것을 n의 계승이라 하고, 이것을 기호로 $n!$과 같이 나타낸다."
진단평가12,"수능 선택 : 기하",20,고등,확통,전체,"경우의 수 > 순열과 조합 > 여러 가지 순열","합의 법칙과 곱의 법칙을 이해하고, 이를 이용하여 경우의 수를 구할 수 있다.","곱의 법칙","1. 두 사건 A, B에 대하여 사건 A가 일어나는 경우의 수가 m이고 그 각각에 대하여 사건 B가 일어나는 경우의 수가 n 일 때, 두 사건  A, B가 동시에 일어나는 경우의 수는 $m	imes n$ 
(1-1) 곱의 법칙은 동시에 일어나는 셋 이상의 사건에 대해서도 성립한다.
(1-2) 두 사건 A, B가 일어나는 경우의 집합을 각각 A, B 하고 하면 집합 A의 원소 각각에 집합 B의 원소를 하나씩 대응시키는 순서쌍의 개수는 $n(A)	imes n(B)$"
