id,name,semester,description,school_level,grade_level,chapter_id,chapter_name_1,chapter_name_2,chapter_name_3,achievement_id,achievement_name,skill_id
5814,1부터 5까지의 수,1학기,1부터 5까지의 수를 읽고 셀 수 있다.,초등,초1,1,9까지의 수 , 몇일까요 (1),,1,"50까지의수 개념을이해 하고, 수를 세고 읽고 쓸 수 있다.",8
5485,여섯,1학기,다섯에 하나를 더한 수,초등,초1,3,9까지의 수 , 몇일까요 (2),,1,"50까지의수 개념을이해 하고, 수를 세고 읽고 쓸 수 있다.",9
7581,첫째,1학기,"차례를 매길 때, 맨 처음에 오는 수",초등,초1,5,9까지의 수 , 몇째일까요,,5,"50까지의 수의 계열을 이해하고, 수의 크기를 비교할 수 있다.",24
5834,수의 순서,1학기,"1부터 9까지의 수 1, 2, 3, 4, 5, 6, 7, 8, 9를 순서대로 나타낼 수 있다.",초등,초1,6,9까지의 수 , 수의 순서를 알아볼까요,,1,"50까지의 수 개념을 이해 하고, 수를 세고 읽고 쓸 수 있다.",5
5835,1 큰 수와 1 작은 수,1학기,"수를 순서대로 썼을 때 바로 앞의 수가 1 작은 수, 바로 뒤의 수가 1 큰 수입니다.",초등,초1,7,9까지의 수 , 1만큼 더 큰 수와 1만큼 더 작은 수는 무엇일까요,,1,"50까지의 수 개념을 이해 하고, 수를 세고 읽고 쓸 수 있다.",6
7593,0,1학기,아무것도 없는 것을 0이라 쓰고 영이라고 읽습니다.\n0은 1보다 1작은 수 입니다.,초등,초1,7,9까지의 수 , 1만큼 더 큰 수와 1만큼 더 작은 수는 무엇일까요,,5,"50까지의 수의 계열을 이해하고, 수의 크기를 비교할 수 있다.",25
5836,두 수의 크기 비교하기,1학기,9와 5의 크기를 비교해보면 9는 5보다 큽니다. 5는 9보다 작습니다.,초등,초1,8,9까지의 수 , 어느 수가 더 클까요,,1,"50까지의 수 개념을 이해 하고, 수를 세고 읽고 쓸 수 있다.",7
5844,여러 가지 모양 찾아보기,1학기,"상자 모양, 기둥 모양, 공 모양",초등,초1,9,여러 가지 모양 , 여러 가지 모양을 찾아볼까요,,142,"교실 및 생활 주변에서 여러 가지 물건을 관찰하여 직육면체, 원기둥, 구의 모양을 찾고, 그것들을 이용하여 여러 가지 모양을 만들 수 있다.",821
5845,여러 가지 모양 알아보기,1학기,nan,초등,초1,10,여러 가지 모양 , 여러 가지 모양을 알아볼까요,,143,쌓기 나무를 이용하여 여러 가지 입체도형의 모양을 만들 수 있다.,822
5846,여러 가지 모양으로 만들기,1학기,nan,초등,초1,10,여러 가지 모양 , 여러 가지 모양을 알아볼까요,,144,쌓기 나무를 이용하여 만든 모양을 보고 위치나 방향을 이용하여 말할 수 있다.,825
5848,여러 가지 모양 알아보기,1학기,"직육면체, 원기둥, 구 모양의 물건을 같은 모양끼리 분류할 수 있다.",초등,초1,10,여러 가지 모양 , 여러 가지 모양을 알아볼까요,,185,"교실 및 생활 주변에서 여러 가지 물건을 관찰하여 직육면체, 원기둥, 구의 모양을 찾고, 그것들을 이용하여 여러 가지 모양을 만들 수 있다.",1859
6307,여러 가지 모양 알아보기,1학기,"상자 모양은 뾰족한 부분, 평평한 부분이 있습니다.",초등,초1,10,여러 가지 모양 , 여러 가지 모양을 알아볼까요,,185,"교실 및 생활 주변에서 여러 가지 물건을 관찰하여 직육면체, 원기둥, 구의 모양을 찾고, 그것들을 이용하여 여러 가지 모양을 만들 수 있다.",1094
6308,여러 가지 모양 만들어보기,1학기,"상자 모양, 기둥 모양, 공 모양을 이용하여 나만의 모양을 만들 수 있습니다.",초등,초1,10,여러 가지 모양 , 여러 가지 모양을 알아볼까요,,185,"교실 및 생활 주변에서 여러 가지 물건을 관찰하여 직육면체, 원기둥, 구의 모양을 찾고, 그것들을 이용하여 여러 가지 모양을 만들 수 있다.",1095
6409,모으기와 가르기,1학기,5가 되도록 모으는 방법과 5를 가르는 방법은 여러 가지입니다.,초등,초1,11,덧셈과 뺄셈 , 모으기와 가르기를 해 볼까요 (1),,9,"하나의 수를 두 수로 분해하고, 두 수를 하나의 수로 합성할 수 있다.",1861
7595,'+'와 '=' 기호를 사용하여 덧셈을 쓰고 읽기,1학기,쓰기: 5+2=7\n읽기: 5 더하기 2는 7과 같습니다. 5와 2의 합은 7입니다.,초등,초1,14,덧셈과 뺄셈 , 더하기는 어떻게 나타낼까요,,9,"하나의 수를 두 수로 분해하고, 두 수를 하나의 수로 합성할 수 있다.",36
7596,그림 그리기를 이용하여 덧셈하기,1학기,○를 3개 그리고 5개를 더 그리면 모두 8개입니다. → 3+5=8,초등,초1,15,덧셈과 뺄셈 , 덧셈을 해 볼까요 (1),,9,"하나의 수를 두 수로 분해하고, 두 수를 하나의 수로 합성할 수 있다.",33
7597,수 모으기를 이용하여 덧셈하기,1학기,3과 4를 모으기 하면 7이므로 3과 4를 더하면 7이 됩니다. → 3+4=7,초등,초1,16,덧셈과 뺄셈 , 덧셈을 해 볼까요 (2),,9,"하나의 수를 두 수로 분해하고, 두 수를 하나의 수로 합성할 수 있다.",32
7598,'-'와 '=' 기호를 사용하여 뺄셈식을 쓰고 읽기,1학기,쓰기: 7-2=5\n읽기: 7 빼기 2는 5와 같습니다. 7과 2의 차는 5입니다.,초등,초1,17,덧셈과 뺄셈 , 빼기는 어떻게 나타낼까요,,9,"하나의 수를 두 수로 분해하고, 두 수를 하나의 수로 합성할 수 있다.",37
7599,그림 그리기를 이용하여 뺄셈하기,1학기,5-3의 계산\n방법1: ○를 5개 그린 다음 /로 3개를 지우면 2개가 남습니다. → 5-3=2\n방법2: 5와 3을 동그라미로 나타내고 하나씩 이어 보면 동그라미 2개가 남습니다. → 5-3=2,초등,초1,18,덧셈과 뺄셈 , 뺄셈을 해 볼까요 (1),,9,"하나의 수를 두 수로 분해하고, 두 수를 하나의 수로 합성할 수 있다.",34
7600,수 가르기로 이용하여 뺄셈하기,1학기,4-3의 계산\n4는 3과 1로 가르기 할 수 있으므로 4에서 3을 빼면 1입니다.  → 4-3=1,초등,초1,19,덧셈과 뺄셈 , 뺄셈을 해 볼까요 (2),,9,"하나의 수를 두 수로 분해하고, 두 수를 하나의 수로 합성할 수 있다.",35
7601,0이 있는 덧셈,1학기,(1) 0에 어떤 수를 더하면 항상 어떤 수가 됩니다. → 0+□=□\n(2) 어떤 수에 0을 더하면 항상 어떤 수가 됩니다. → □+0=□,초등,초1,20,덧셈과 뺄셈 , 0을 더하거나 빼면 어떻게 될까요,,9,"하나의 수를 두 수로 분해하고, 두 수를 하나의 수로 합성할 수 있다.",38
7602,0이 있는 뺼셈,1학기,(1) 어떤 수에서 0을 빼면 그대로 어떤 수가 됩니다. → □-0=□\n(2) 어떤 수에서 그 수 전체를 빼면 0이 됩니다. → □-□=□,초등,초1,20,덧셈과 뺄셈 , 0을 더하거나 빼면 어떻게 될까요,,9,"하나의 수를 두 수로 분해하고, 두 수를 하나의 수로 합성할 수 있다.",39
6420,덧셈과 뺼셈하기,1학기,더하는 수가 1씩 커지면 합도 1씩 커집니다. 빼는 수가 1씩 커지면 차는 1씩 작아집니다.,초등,초1,21,덧셈과 뺄셈 , 덧셈과 뺄셈을 해 볼까요,,9,"하나의 수를 두 수로 분해하고, 두 수를 하나의 수로 합성할 수 있다.",1860
6453,길이 비교하기,1학기,한쪽 끝이 맞추어져 있을 때 반대쪽 끝을 비교합니다.,초등,초1,22,비교하기 , 어느 것이 더 길까요,,230,"구체물의 길이, 들이, 무게, 넓이를 비교하여 각각 ‘길다, 짧다’, ‘많다, 적다’, ‘무겁다, 가볍다’, ‘넓다, 좁다’ 등을 구별하여 말할 수 있다.",1291
6456,담을 수 있는 양 비교하기,1학기,그릇의 크기가 클수록 담을 수 있는 양이 더 많습니다.,초등,초1,25,비교하기 , 어느 것에 더 많이 담을 수 있을까요,,230,"구체물의 길이, 들이, 무게, 넓이를 비교하여 각각 ‘길다, 짧다’, ‘많다, 적다’, ‘무겁다, 가볍다’, ‘넓다, 좁다’ 등을 구별하여 말할 수 있다.",1294
7618,10 알아보기,1학기,9보다 1 큰 수를 10이라고 합니다.,초등,초1,26,50까지의 수 , 9다음 수는 무엇일까요,,1,"50까지의수 개념을 이해 하고, 수를 세고 읽고 쓸 수 있다.",1
7620,십몇 알아보기,1학기,10개씩 묶음 1개와 낱개 2개를 12라고 합니다.,초등,초1,27,50까지의 수 , 십몇을 알아볼까요,,1,"50까지의수 개념을 이해 하고, 수를 세고 읽고 쓸 수 있다.",2
7621,몇십 알아보기,1학기,10개씩 묶음 4개를 40이라고 합니다.,초등,초1,29,50까지의 수 , 10개씩 묶어 세어 볼까요,,1,"50까지의수 개념을 이해 하고, 수를 세고 읽고 쓸 수 있다.",3
6555,몇십 몇 알아보기,1학기,"10개씩 묶음 2개와 낱개 3개를 23이라 적고, 이십삼 또는 스물셋이라고 읽습니다.",초등,초1,30,50까지의 수 , 50까지의 수를 세어 볼까요,,1,"50까지의 수 개념을이해 하고, 수를 세고 읽고 쓸 수 있다.",4
6556,50까지  수의 순서,1학기,수를 순서대로 쓰면 1씩 커집니다. 수의 순서를 거꾸로 쓰면 1씩 작아집니다.,초등,초1,31,50까지의 수 , 수의 순서를 알아볼까요,,5,"50까지의 수의 계열을 이해하고, 수의 크기를 비교할 수 있다.",22
6557,10개씩 묶음의 수가 다를 때,1학기,10개씩 묶음의 수를 비교합니다.,초등,초1,32,50까지의 수 , 어느 수가 더 클까요,,5,"50까지의 수의 계열을 이해하고, 수의 크기를 비교할 수 있다.",23
7626,"60,70,80,90",2학기,"10개씩 묶음 6개를 60이라 쓰고 육십, 예순이라 읽습니다.\n10개씩 묶음 7개를 70이라 쓰고 칠십, 일흔이라 읽습니다.\n10개씩 묶음 8개를 80이라 쓰고 팔십, 여든이라 읽습니다.\n10개씩 묶음 9개를 90이라 쓰고 구십, 아흔이라 읽습니다.",초등,초1,33,100까지의 수 ," 60, 70, 80, 90을 알아볼까요",,2,"100까지의 수 개념을 이해하고, 수를 세고 읽고 쓸 수 있다.",13
6646,99까지의 수 쓰고 읽기,2학기,"10개씩 묶음 6개와 낱개 8개를 68이라 적고,  육십팔 또는 예순여덟이라 읽는다.",초등,초1,33,100까지의 수 ," 60, 70, 80, 90을 알아볼까요",,2,"100까지의 수 개념을 이해하고, 수를 세고 읽고 쓸 수 있다.",10
6647,수의 순서 알아보기,2학기,"어떤 수 보다 1 큰 수는 어떤 수 바로 다음에 오는 수이고, 어떤 수 보다  1 작은 수는 어떤 수 바로 앞에 있는 수입니다.",초등,초1,34,100까지의 수 , 99까지의 수를 알아볼까요,,2,"100까지의 수 개념을 이해하고, 수를 세고 읽고 쓸 수 있다.",11
7629,100 알아보기,2학기,99보다 1 큰 수를 100이라고 합니다. 100은 백이라고 읽습니다.,초등,초1,35,100까지의 수 , 수의 순서를 알아볼까요,,6,"100까지의 수의 계열을 이해하고, 수의 크기를 비교할 수 있다.",27
6648,수의 크기 비교하기,2학기,(1) 10개씩 묶음의 수를 비교합니다. 10개씩 묶음의 수가 큰 쪽이 더 큰 수입니다.\n(2) 10개씩 묶음의 수가 같으면 낱개의 수를 비교합니다. 낱개의 수가 큰 쪽이 더 큰 수입니다.,초등,초1,36,100까지의 수 , 어느 수가 더 클까요,,6,"100까지의 수의 계열을 이해하고, 수의 크기를 비교할 수 있다.",26
6649,짝수와 홀수 알아보기,2학기,"짝수는 수가 2, 4, 6, 8, 0으로 끝나며 홀수는 수가 1, 3, 5, 7, 9로 끝납니다.",초등,초1,36,100까지의 수 , 어느 수가 더 클까요,,2,"100까지의 수 개념을 이해하고, 수를 세고 읽고 쓸 수 있다.",12
7790,수의 크기 비교를 기호를 사용하여 나타내기,2학기,"""65는 72보다 작습니다.""를 65<72와 같이 씁니다.\n""72는 65보다 큽니다.""를 72>65와 같이 씁니다.",초등,초1,36,100까지의 수 , 어느 수가 더 클까요,,6,"100까지의 수의 계열을 이해하고, 수의 크기를 비교할 수 있다.",28
6774,받아 올림이 없는 (몇십 몇)\n+ (몇),2학기,낱개의 수끼리 더한 다음 10개씩 묶음의 수를 그대로 내려씁시다.,초등,초1,38,덧셈과 뺄셈(1) , 덧셈을 해 볼까요 (1),,45,"두 자릿수의 범위에서 받아 올림이 없는 덧셈과 받아 내림이 없는 뺄셈의 계산 원리를 이해하고, 그 계산을 할 수 있다.",177
6775,받아 올림이 없는 (몇십)+(몇십),2학기,낱개의 수인 0을 그대로 내려쓴 다음 10개씩 묶음의 수끼리 더합니다.,초등,초1,39,덧셈과 뺄셈(1) , 덧셈을 해 볼까요 (2),,45,"두 자릿 수의 범위에서 받아 올림이 없는 덧셈과 받아 내림이 없는 뺄셈의 계산 원리를 이해하고, 그 계산을 할 수 있다.",175
6776,받아 올림이 없는 (몇십 몇)\n+ (몇십 몇),2학기,낱개의 수끼리 더한 다음 10개씩 묶음의 수끼리 더합니다.,초등,초1,40,덧셈과 뺄셈(1) , 덧셈을 해 볼까요 (3),,45,"두 자릿 수의 범위에서 받아 올림이 없는 덧셈과 받아 내림이 없는 뺄셈의 계산 원리를 이해하고, 그 계산을 할 수 있다.",178
7076,10을 이용하여 가르기,2학기,10개를 담고 남은 모형이 몇 개인지 알아보기,초등,초1,40,덧셈과 뺄셈(1) , 덧셈을 해 볼까요 (3),,48,덧셈과 뺄셈의 관계를 이해한다.,201
6777,그림을 보고 덧셈하기,2학기,그림을 보고 덧셈식을 만들어 여러 가지 방법으로 구한다.,초등,초1,41,덧셈과 뺄셈(1) , 그림을 보고 덧셈을 해 볼까요,,43,덧셈과 뺄셈이 이루어지는 실생활 상황을 통하여 덧셈과 뺄셈의 의미를 이해한다.,173
7797,(몇십 몇)-(몇),2학기,(1) 낱개끼리  줄을 맞추어 씁니다.\n(2) 낱개는 낱개끼리 빼고 10개씩 묶음은 그대로 씁니다.,초등,초1,42,덧셈과 뺄셈(1) , 뺄셈을 해 볼까요 (1),,45,"두 자릿수의 범위에서 받아 올림이 없는 덧셈과 받아 내림이 없는 뺄셈의 계산 원리를 이해하고, 그 계산을 할 수 있다.",180
7798,(몇십)-(몇십),2학기,"(1) 10개씩 묶음은 10개씩 묶음끼리, 낱개는 낱개끼리 줄을 맞추어 씁니다.\n(2) 낱개는 0을 그대로 쓰고 10개씩 묶음은 10개씩 묶음끼리 뺍니다.",초등,초1,43,덧셈과 뺄셈(1) , 뺄셈을 해 볼까요 (2),,45,"두 자릿수의 범위에서 받아 올림이 없는 덧셈과 받아 내림이 없는 뺄셈의 계산 원리를 이해하고, 그 계산을 할 수 있다.",176
7799,(몇십 몇)-(몇십 몇),2학기,"(1) 10개씩 묶음은 10개씩 묶음끼리, 낱개는 낱개끼리 줄을 맞추어 씁니다.\n(2) 낱개는 낱개끼리, 10개씩 묶음은 10개씩 묶음끼리 뺍니다.",초등,초1,44,덧셈과 뺄셈(1) , 뺄셈을 해 볼까요 (3),,45,"두 자릿수의 범위에서 받아 올림이 없는 덧셈과 받아 내림이 없는 뺄셈의 계산 원리를 이해하고, 그 계산을 할 수 있다.",179
6794,그림을 보고 뺄셈하기,2학기,그림을 보고 뺄셈식을 만들어 여러 가지 방법으로 구한다.,초등,초1,45,덧셈과 뺄셈(1) , 그림을 보고 뺄셈을 해 볼까요,,43,덧셈과 뺄셈이 이루어지는 실생활 상황을 통하여 덧셈과 뺄셈의 의미를 이해한다.,174
6803,여러 가지 모양 찾아 보기,2학기,"교실이나 주변에서 네모 모양, 세모 모양, 동그라미 모양을 찾고 같은 모양끼리 모을 수 있습니다.",초등,초1,46,여러 가지 모양 , 여러 가지 모양을 찾아볼까요,,145,"교실 및 생활 주변에서 여러 가지 물건을 관찰하여 삼각형, 사각형, 원의 모양을 찾고, 그것들을 이용하여 여러 가지 모양을 꾸밀 수 있다.",827
6804,네모 모양 알아 보기,2학기,네모모양은 뾰족한 곳이 4군데 편평한 곳이 4군데입니다.,초등,초1,47,여러 가지 모양 , 여러 가지 모양을 알아볼까요,,145,"교실 및 생활 주변에서 여러 가지 물건을 관찰하여 삼각형, 사각형, 원의 모양을 찾고, 그것들을 이용하여 여러 가지 모양을 꾸밀 수 있다.",828
6806,동그라미 모양 알아 보기,2학기,동그라미 모양은 뾰족한 곳이 없고 둥근 부분이 있습니다.,초등,초1,47,여러 가지 모양 , 여러 가지 모양을 알아볼까요,,145,"교실 및 생활 주변에서 여러 가지 물건을 관찰하여 삼각형, 사각형, 원의 모양을 찾고, 그것들을 이용하여 여러 가지 모양을 꾸밀 수 있다.",829
6805,세모 모양 알아 보기,2학기,"세모모양은 뾰족한 곳이 3군데,  편평한 곳이 3군데입니다.",초등,초1,48,여러 가지 모양 , 여러 가지 모양을 꾸며 볼까요,,145,"교실 및 생활 주변에서 여러 가지 물건을 관찰하여 삼각형, 사각형, 원의 모양을 찾고, 그것들을 이용하여 여러 가지 모양을 꾸밀 수 있다.",830
6807,여러 가지 모양 꾸미기,2학기,"네모모양, 세모모양, 동그라미모양을 이용하여 여러 가지 모양을 꾸민다.",초등,초1,48,여러 가지 모양 , 여러 가지 모양을 꾸며 볼까요,,145,"교실 및 생활 주변에서 여러 가지 물건을 관찰하여 삼각형, 사각형, 원의 모양을 찾고, 그것들을 이용하여 여러 가지 모양을 꾸밀 수 있다.",831
7800,세 수의 덧셈,2학기,앞의 두 수를 먼저 더하고 나온 결과에 나머지 수를 더합니다.,초등,초1,49,덧셈과 뺄셈(2) , 세 수의 덧셈을 어떻게 할까요,,49,두 자릿수의 범위에서 세 수의 덧셈과 뺄셈을 할 수 있다.,203
7801,세 수의 뺄셈,2학기,앞의 두 수를 먼저 빼고 나온 결과에서 나머지 수를 뺍니다.,초등,초1,50,덧셈과 뺄셈(2) , 세 수의 뺄셈을 어떻게 할까요,,49,두 자릿수의 범위에서 세 수의 덧셈과 뺄셈을 할 수 있다.,204
7802,두 수 더하기,2학기,6+5=11\n5+6=11\n두 수를 바꾸어 더해도 합은 같습니다.,초등,초1,51,덧셈과 뺄셈(2) , 두 수를 더해 볼까요,,47,두 자릿수의 범위에서 받아 올림이 있는 덧셈과 받아 내림이 있는 뺄셈의 계산 원리를 이해하고 그 계산을 할 수 있다.,191
7803,10이 되는 더하기,2학기,1+9=10\n2+8=10\n3+7=10\n4+6=10\n5+5=10\n6+4=10\n7+3=10\n8+2=10\n9+1=10,초등,초1,52,덧셈과 뺄셈(2) , 10이 되는 더하기를 해 볼까요,,46,"(한 자릿수)+(한 자릿수)=(두 자릿수), (두 자릿수)-(한 자릿수)=(한 자릿수)의 계산 원리를 이해하고 그 계산을 할 수 있다.",183
7804,10에서 빼기,2학기,10-1=9\n10-2=8\n10-3=7\n10-4=6\n10-5=5\n10-6=4\n10-7=3\n10-8=2\n10-9=1,초등,초1,53,덧셈과 뺄셈(2) , 10에서 빼 볼까요,,46,"(한 자릿수)+(한 자릿수)=(두 자릿수), (두 자릿수)-(한 자릿수)=(한 자릿수)의 계산 원리를 이해하고 그 계산을 할 수 있다.",184
7805,10을 만들어 더하기,2학기,1+9+3=13\n앞의 두 수로 10을 만들어 세 수를 더합니다.,초등,초1,54,덧셈과 뺄셈(2) , 10을 만들어 더해 볼까요 (1),,49,두 자릿수의 범위에서 세 수의 덧셈과 뺄셈을 할 수 있다.,205
7806,10을 만들어 더하기,2학기,4+8+2=14\n뒤의 두 수를 더했을 때 10이 되면 뒤의 두 수를 먼저 더하는 것이 더 편리합니다.,초등,초1,55,덧셈과 뺄셈(2) , 10을 만들어 더해 볼까요 (2),,49,두 자릿수의 범위에서 세 수의 덧셈과 뺄셈을 할 수 있다.,206
7807,몇 시,2학기,"짧은 바늘이 11, 긴 바늘이 12를 가리킬 때 시계는 11시를 나타내고 열한 시라고 읽습니다.",초등,초1,56,시계 보기와 규칙 찾기 , 몇 시일까요 (1),,231,시계를 보고 시각을 '몇 시' 또는 '몇 시 30분'으로 읽을 수 있다.,1297
7808,몇 시 30분,2학기,"짧은 바늘이 7과 8 사이, 긴바늘이 6을 가리킬 때 시계는 7시 30분을 나타내고 열 시 삼십 분이라고 읽습니다.",초등,초1,57,시계 보기와 규칙 찾기 , 몇 시일까요 (2),,231,시계를 보고 시각을 '몇 시' 또는 '몇 시 30분'으로 읽을 수 있다.,1298
7809,규칙 찾기,2학기,규칙을 찾을 때에는 어떤 것이 반복되는지 알아봅니다.,초등,초1,58,시계 보기와 규칙 찾기 , 규칙을 찾아 말해 볼까요,,117,"물체, 무늬, 수 등의 배열에서 규칙을 찾아 여러가지 방법으로 나타낼 수 있다.",644
7810,규칙을 찾아 여러 가지 방법으로 나타내기,2학기,규칙에 따라 그림이나 수로 나타낼 수 있습니다.,초등,초1,59,시계 보기와 규칙 찾기 , 규칙을 찾아 여러 가지 방법으로 나타내어 볼까요,,117,"물체, 무늬, 수 등의 배열에서 규칙을 찾아 여러가지 방법으로 나타낼 수 있다.",646
7811,수 배열에서 규칙 찾기,2학기,(1) 반복되는 규칙 찾기\n3-3-9-3-3-9\n3-3-9가 반복됩니다.\n(2) 커지는 규칙 찾기\n30-40-50-60-70-80\n30부터 시작하여 10씩 커집니다.,초등,초1,61,시계 보기와 규칙 찾기 , 수 배열에서 규칙을 찾아볼까요,,117,"물체, 무늬, 수 등의 배열에서 규칙을 찾아 여러가지 방법으로 나타낼 수 있다.",645
7812,10을 이용하여 모으기,2학기,9와 7을 모으기 하면 10과 6이 되어 16이 됩니다.,초등,초1,63,덧셈과 뺄셈(3) , 10을 이용하여 모으기와 가르기를 해 볼까요,,47,두 자릿수의 범위에서 받아 올림이 있는 덧셈과 받아 내림이 있는 뺄셈의 계산 원리를 이해하고 그 계산을 할 수 있다.,192
7070,그림으로 알아보기,2학기,사탕 8개에 3개를 더하면 사탕 11개 입니다.,초등,초1,64,덧셈과 뺄셈(3) , 덧셈을 해 볼까요 (1),,46,"(한 자릿수)+(한 자릿수)=(두 자릿수), (두 자릿수)-(한 자릿수)=(한 자릿수)의 계산 원리를 이해하고 그 계산을 할 수 있다.",187
7813,6+5의 계산,2학기,"5를 4와 1로 가르기 하여 6과 4를 더해서 10을 만들고, 남은 1과 더하면 11이 됩니다.",초등,초1,64,덧셈과 뺄셈(3) , 덧셈을 해 볼까요 (1),,46,"(한 자릿수)+(한 자릿수)=(두 자릿수), (두 자릿수)-(한 자릿수)=(한 자릿수)의 계산 원리를 이해하고 그 계산을 할 수 있다.",186
7072,덧셈을 하고 규칙 찾기,2학기,1씩 커지는 수를 더하면  합도 1씩 커집니다.,초등,초1,66,덧셈과 뺄셈(3) , 덧셈을 해 볼까요 (3),,46,"(한 자릿수)+(한 자릿수)=(두 자릿수), (두 자릿수)-(한 자릿수)=(한 자릿수)의 계산 원리를 이해하고 그 계산을 할 수 있다.",188
7073,그림으로 알아보기,2학기,모형 16개 중 9개를 덜어 내면 7개가 남습니다.,초등,초1,67,덧셈과 뺄셈(3) , 뺄셈을 해 볼까요 (1),,46,"(한 자릿수)+(한 자릿수)=(두 자릿수), (두 자릿수)-(한 자릿수)=(한 자릿수)의 계산 원리를 이해하고 그 계산을 할 수 있다.",189
7815,12-5의 계산,2학기,5를 2와 3으로 가르기 하여 12에서 2를 빼고 남은 10에서 3을 빼면 7이 됩니다.,초등,초1,67,덧셈과 뺄셈(3) , 뺄셈을 해 볼까요 (1),,46,"(한 자릿수)+(한 자릿수)=(두 자릿수), (두 자릿수)-(한 자릿수)=(한 자릿수)의 계산 원리를 이해하고 그 계산을 할 수 있다.",185
7075,뺄셈을 하고 규칙찾기,2학기,1씩 커지는 수를 빼면  차는 1씩 작아집니다.,초등,초1,69,덧셈과 뺄셈(3) , 뺄셈을 해 볼까요 (3),,46,"(한 자릿수)+(한 자릿수)=(두 자릿수), (두 자릿수)-(한 자릿수)=(한 자릿수)의 계산 원리를 이해하고 그 계산을 할 수 있다.",190
7912,90보다 10 큰 수,1학기,90보다 10큰 수는 100입니다. 100은 백이라고 읽습니다. 10이 10개이면 100입니다.,초등,초2,70,세 자릿수 , 90보다 10만큼 더 큰 수를 알아볼까요,,2,"100까지의 수 개념을 이해하고, 수를 세고 읽고 쓸 수 있다.",14
7913,몇백,1학기,100이 2개인 수를 200이라 쓰고 이백이라 읽습니다.\n100이 3개인 수를 300이라 쓰고 삼백이라 읽습니다.\n100이 4개인 수를 400이라 쓰고 사백이라 읽습니다.\n100이 5개인 수를 500이라 쓰고 오백이라 읽습니다.\n100이 6개인 수를 600이라 쓰고 육백이라 읽습니다.\n100이 7개인 수를 700이라 쓰고 칠백이라 읽습니다.\n100이 8개인 수를 800이라 쓰고 팔백이라 읽습니다.\n100이 9개인 수를 900이라 쓰고 구백이라 읽습니다.,초등,초2,71,세 자릿수 , 몇백을 알아볼까요,,3,"일, 십, 백의 자릿값과 위치적 기수법을 이해하고,세 자릿수를 읽고 쓸 수 있다.",15
7914,세 자릿수,1학기,"100이 2개, 10이 6개, 1이 4개이면 264입니다. 264는 이백육십사라고 읽습니다.",초등,초2,72,세 자릿수 , 세 자릿수를 알아볼까요,,3,"일, 십, 백의 자릿값과 위치적 기수법을 이해하고,세 자릿수를 읽고 쓸 수 있다.",16
7915,927의 각 자리의 숫자가 나타내는 값,1학기,"9는 백의 자리 숫자이고, 900을 나타냅니다.\n2는 십의 자리 숫자이고, 20을 나타냅니다.\n7은 일의 자리 숫자이고, 7을 나타냅니다.\n927=900+20+7",초등,초2,73,세 자릿수 , 각 자리의 숫자는 얼마를 나타낼까요,,3,"일, 십, 백의 자릿값과 위치적 기수법을 이해하고,세 자릿수를 읽고 쓸 수 있다.",17
7916,뛰어서 세기,1학기,100씩 뛰어서 세면 백의 자릿수가 1씩 커집니다.\n10씩 뛰어서 세면 십의 자릿수가 1씩 커집니다.\n1씩 뛰어서 세면 일의 자릿수가 1씩 커집니다.,초등,초2,74,세 자릿수 , 뛰어서 세어 볼까요,,7,"세 자릿수의 범위에서 수의 계열을 이해하고, 수의 크기를 비교할 수 있다.",29
7918,세 자릿수의 크기 비교하기,1학기,"(1) 백의 자릿수를 비교합니다.\n(2) 백의 자릿수가 같으면 십의 자릿수끼리 비교합니다.\n(3) 백의 자릿수, 십의 자릿수가 같으면 일의 자릿수끼리 비교합니다.",초등,초2,75,세 자릿수 , 어느 수가 더 클까요,,7,"세 자릿수의 범위에서 수의 계열을 이해하고, 수의 크기를 비교할 수 있다.",30
7919,원,1학기,○ 이 그림과 같은 모양의 도형을 원이라고 합니다.\n원은 뾰족한 부분이 없습니다. 곧은 선이 없습니다. 어느 방향에서 보아도 똑같이 동그란 모양입니다. 크기는 다르지만 생긴 모양이 서로 같습니다.,초등,초2,76,여러 가지 도형 , 동그라미를 알아볼까요,,146,"삼각형, 사각형, 원을 직관적으로 이해하고, 그 모양을 그릴 수 있다.",832
7920,삼각형,1학기,"△ 이 그림과 같은 모양의 도형을 삼각형이라고 합니다. 삼각형은 변이 3개, 꼭짓점이 3개입니다. 곧은 선들로 둘러싸여 있습니다.",초등,초2,77,여러 가지 도형 , 세모를 알아볼까요,,146,"삼각형, 사각형, 원을 직관적으로 이해하고, 그 모양을 그릴 수 있다.",833
7921,사각형,1학기,"□ 이 그림과 같은 모양의 도형을 사각형이라고 합니다. 사각형은 변이 4개, 꼭짓점이 4개입니다. 곧은 선들로 둘러싸여 있습니다.",초등,초2,78,여러 가지 도형 , 네모를 알아볼까요,,146,"삼각형, 사각형, 원을 직관적으로 이해하고, 그 모양을 그릴 수 있다.",834
7922,칠교판,1학기,"(1) 칠교판의 조각은 모두 7개입니다.\n(2) 칠교판의 조각에는 삼각형이 5개, 사각형이 2개 있습니다.\n(3) 칠교판의 조각을 이용하여 여러 가지 모양을 만들 수 있습니다.",초등,초2,79,여러 가지 도형 , 칠교판으로 모양을 만들어 볼까요,,160,주어진 도형을 이용하여 여러 가지 모양을 만들거나 채울 수 있다.,882
7693,오각형 알아보기,1학기,"곧은 선들로 둘러싸여 있고 변이 5개, 꼭짓점이 5개입니다.",초등,초2,80,여러 가지 도형 , 오각형과 육각형을 알아볼까요,,147,"삼각형, 사각형에서 각각의 공통점을 찾아 말하고, 이를 일반화하여 오각형, 육각형을 알고 구별할 수 있다.",835
7694,육각형 알아보기,1학기,"곧은 선들로 둘러싸여 있고 변이 6개, 꼭짓점이 6개입니다.",초등,초2,80,여러 가지 도형 , 오각형과 육각형을 알아볼까요,,147,"삼각형, 사각형에서 각각의 공통점을 찾아 말하고, 이를 일반화하여 오각형, 육각형을 알고 구별할 수 있다.",836
7923,똑같은 모양으로 쌓기,1학기,"주어진 모양과 똑같은 모양으로 쌓으려면 쌓기나무의 전체적인 모양, 쌓기나무의 수, 쌓기나무의 색, 쌓기나무를 놓는 위치나 방향, 쌓기나무의 층수 등을 생각하면서 쌓습니다.",초등,초2,81,여러 가지 도형 , 똑같은 모양으로 쌓아 볼까요,,144,쌓기나무를 이용하여 만든 모양을 보고 위치나 방향을 이용하여 말할 수 있다.,826
7696,쌓은 모양 설명하기,1학기,"1층에 4개를 놓고, 맨 왼쪽에 있는 쌓기나무 위에 쌓기나무 1개를 더 놓아 트럭 모양을 만들었습니다.",초등,초2,82,여러 가지 도형 , 여러 가지 모양으로 쌓아 볼까요,,143,쌓기나무를 이용하여 여러 가지 입체도형의 모양을 만들 수 있다.,823
7924,받아 올림이 있는 (두 자릿수)+(한 자릿수),1학기,(1) 십의 자릿수와 일의 자릿수를 자리에 맞추어 씁니다.\n(2) 같은 자릿수끼리 더합니다. 이때 일의 자릿수끼리의 합이 10이거나 10보다 크면 10을 십의 자리로 받아 올림합니다.,초등,초2,83,덧셈과 뺄셈 , 덧셈을 해 볼까요 (1),,47,두 자릿수의 범위에서 받아 올림이 있는 덧셈과 받아 내림이 있는 뺄셈의 계산 원리를 이해하고 그 계산을 할 수 있다.,193
7925,일의 자리에서 받아 올림이 있는 (두 자릿수)+(두 자릿수),1학기,(1) 십의 자릿수와 일의 자릿수를 자리에 맞추어 씁니다.\n(2) 같은 자릿수끼리 더합니다. 이때 일의 자릿수끼리의 합이 10이거나 10보다 크면 10을 십의 자리로 받아 올림합니다.,초등,초2,84,덧셈과 뺄셈 , 덧셈을 해 볼까요 (2),,47,두 자릿수의 범위에서 받아 올림이 있는 덧셈과 받아 내림이 있는 뺄셈의 계산 원리를 이해하고 그 계산을 할 수 있다.,194
7926,십의 자리에서 받아 올림이 있는 (두 자릿수)+(두 자릿수),1학기,(1) 십의 자릿수와 일의 자릿수를 자리에 맞추어 씁니다.\n(2) 같은 자릿수끼리 더합니다. 이때 십의 자릿수끼리의 합이 10이거나 10보다 크면 10을 백의 자리로 받아 올림합니다.,초등,초2,85,덧셈과 뺄셈 , 덧셈을 해 볼까요 (3),,47,두 자릿수의 범위에서 받아 올림이 있는 덧셈과 받아 내림이 있는 뺄셈의 계산 원리를 이해하고 그 계산을 할 수 있다.,195
7747,여러 가지 방법으로 덧셈 해 보기,1학기,다양한 방법으로 덧셈을 하기 위해서는 수를 다양하게 표현할 있어야 합니다.,초등,초2,86,덧셈과 뺄셈 , 여러 가지 방법으로 덧셈을 해 볼까요,,47,두 자릿수의 범위에서 받아 올림이 있는 덧셈과 받아 내림이 있는 뺄셈의 계산 원리를 이해하고 그 계산을 할 수 있다.,199
7927,받아 내림이 있는 (두 자릿수)-(한 자릿수),1학기,(1) 십의 자릿수와 일의 자릿수를 자리에 맞추어 씁니다.\n(2) 같은 자릿수끼리 뺍니다. 이때 일의 자릿수끼리 뺄 수 없으면 십의 자리에서 10을 받아 내림합니다.,초등,초2,87,덧셈과 뺄셈 , 뺄셈을 해 볼까요 (1),,47,두 자릿수의 범위에서 받아 올림이 있는 덧셈과 받아 내림이 있는 뺄셈의 계산 원리를 이해하고 그 계산을 할 수 있다.,196
7928,받아 내림이 있는 (몇십)-(몇십 몇),1학기,(1) 십의 자릿수와 일의 자릿수를 자리에 맞추어 씁니다.\n(2) 같은 자릿수끼리 뺍니다. 이때 일의 자릿수 0에서 수를 뺄 수 없으므로 십의 자리에서 10을 받아 내림합니다.,초등,초2,88,덧셈과 뺄셈 , 뺄셈을 해 볼까요 (2),,47,두 자릿수의 범위에서 받아 올림이 있는 덧셈과 받아 내림이 있는 뺄셈의 계산 원리를 이해하고 그 계산을 할 수 있다.,197
7929,받아 내림이 있는 (두 자릿수)-(두 자릿수),1학기,(1) 십의 자릿수와 일의 자릿수를 자리에 맞추어 씁니다.\n(2) 같은 자릿수끼리 뺍니다. 이때 일의 자릿수끼리 뺄 수 없으면 십의 자리에서 10을 받아 내림합니다.,초등,초2,89,덧셈과 뺄셈 , 뺄셈을 해 볼까요 (3),,47,두 자릿수의 범위에서 받아 올림이 있는 덧셈과 받아 내림이 있는 뺄셈의 계산 원리를 이해하고 그 계산을 할 수 있다.,198
7751,여러 가지 방법으로 뺄셈 해 보기,1학기,다양한 방법으로 뺄셈을 하기 위해서는 수를 다양하게 표현할 있어야 합니다.,초등,초2,90,덧셈과 뺄셈 , 여러 가지 방법으로 뺄셈을 해 볼까요,,47,두 자릿수의 범위에서 받아 올림이 있는 덧셈과 받아 내림이 있는 뺄셈의 계산 원리를 이해하고 그 계산을 할 수 있다.,200
7930,덧셈식을 뺄셈식으로 나타내기,1학기,8+4=12\n→ 12-8=4\n→ 12-4=8,초등,초2,91,덧셈과 뺄셈 , 덧셈과 뺄셈의 관계를 식으로 나타내어 볼까요,,48,덧셈과 뺄셈의 관계를 이해한다.,202
7932,"덧셈식, 뺄셈식에서 □의 값 구하기",1학기,(1) 덧셈과 뺄셈의 관계를 이용하여 □를 구하는 덧셈식 또는 뺄셈식을 만듭니다.\n(2) 식을 계산하여 □의 값을 구합니다.,초등,초2,92,덧셈과 뺄셈 , 네모의 값을 어떻게 구할 수 있을까요,,50,"□가 사용된 덧셈식과 뺄셈식을 만들고, □의 값을 구할 수 있다.",208
7933,세 수의 계산,1학기,세 수의 계산은 앞에서부터 두 수식 차례로 계산합니다.,초등,초2,93,덧셈과 뺄셈 , 세 수의 계산을 해 볼까요,,49,두 자릿수의 범위에서 세 수의 덧셈과 뺄셈을 할 수 있다.,207
7934,1 cm,1학기,1 cm라 쓰고 1 센티미터라고 읽습니다.,초등,초2,95,길이 재기 , 1cm를 알아볼까요,,237,"1cm의 단위를 알고, 길이를 측정할 수 있다.",1305
7935,자를 이용하여 길이 재는 법,1학기,물건의 한끝을 자의 눈금 0에 맞춘 경우\n(1) 연필의 한끝을 자의 눈금 0에 맞춥니다.\n(2) 연필의 다른 끝에 있는 자의 눈금을 읽습니다.\n물건의 한끝을 자의 눈금 0에 맞추지 않은 경우\n(1) 지우개의 한끝을 자의 한 눈금에 맞춥니다.\n(2) 그 눈금에서 다른 끝까지 1 cm가 몇 번 들어가는지 셉니다.,초등,초2,96,길이 재기 , 자로 길이를 재어 볼까요 (1),,237,"1cm의 단위를 알고, 길이를 측정할 수 있다.",1306
7936,자로 길이 재기,1학기,"길이가 자의 눈금 사이에 있을 때는 가까이에 있는 쪽의 숫자를 읽으며, 숫자 앞에 약을 붙여 말합니다.",초등,초2,97,길이 재기 , 자로 길이를 재어 볼까요 (2),,241,구체물의 길이를 재는 과정에서 자의 눈금과 일치하지 않는 길이의 측정값을 '약'으로 표현할 수 있다.,1311
7937,길이 어림하기,1학기,어림한 길이를 말할 때는 숫자 앞에 약을 붙여서 말합니다.,초등,초2,98,길이 재기 , 길이를 어림해 볼까요,,240,"여러 가지 물건의 길이를 어림하여 보고, 길이에 대한 양감을 기른다.",1309
7938,분류하기,1학기,분류할 때는 분명한 기준을 정해서 분류해야 합니다. 분명한 기준으로 분류하면 어느 누가 분류해도 결과가 같습니다. 분류돈 기준으로 물건을 찾을 때 정확하게 찾을 수 있습니다.,초등,초2,99,분류하기 , 분류는 어떻게 할까요,,292,"교실 및 생활 주변에 있 는 사물들을 정해진 기준 또는 자신이 정한 기준으 로 분류하여 개수를 세어 보고, 기준에 따른 결과 를 말할 수 있다.",1443
7939,기준에 따라 분류하기,1학기,주어진 기준에 따라 분류할 때는 분류 기준에 맞게 분류해야 합니다.\n주어진 기준과 다른 기준을 정할 때는 분명한 기준을 세우도록 합니다.,초등,초2,100,분류하기 , 기준에 따라 분류해 볼까요,,292,"교실 및 생활 주변에 있 는 사물들을 정해진 기준 또는 자신이 정한 기준으 로 분류하여 개수를 세어 보고, 기준에 따른 결과 를 말할 수 있다.",1441
7940,분류하여 세어보기,1학기,"복잡하고 다양한 물건들의 수를 셀 때는 분류를 한 다음. 수를 세는 것이 정확하고 편리합니다.\n조사한 자료를 셀 때는 ○, × 등의 다양한 기호를 사용하여 자료를 두 번 세거나 빠뜨리고 세는 것이 없도록 합니다.",초등,초2,101,분류하기 , 분류하여 세어 볼까요,,292,"교실 및 생활 주변에 있 는 사물들을 정해진 기준 또는 자신이 정한 기준으 로 분류하여 개수를 세어 보고, 기준에 따른 결과 를 말할 수 있다.",1442
7822,분류한 결과 말하기,1학기,분류한 결과를 통해 학생들에게 나누어 줄 과일을 준비할 방법을 생각해 볼 수 있습니다.,초등,초2,102,분류하기 , 분류한 결과를 말해 볼까요,,293,"분류한 자료를 표로 나타내고, 표로 나타내면 편리한 점을 말할 수 있다.",1444
7941,여러 가지 방법으로 세기,1학기,"방법 1: 하나씩 세면 1,2,3, …… 10,11,12 이므로 풍선은 모두 12개 입니다.\n방법 2: 3씩 뛰어 세면 3,6,9,12이므로 풍선은 모두 12개입니다.\n방법 3: 4씩 묶어 세면 4씩 3묶음이므로 풍선은 모두 12개입니다.",초등,초2,103,곱셈 , 여러 가지 방법으로 세어 볼까요,,51,곱셈이 이루어지는 실생활 상황을 통하여 곱셈의 의미를 이해한다.,209
7942,묶어 세기,1학기,2씩 4묶음이므로 사과는 모두 8개입니다.\n4씩 2묶음이므로 사과는 모두 8개입니다.,초등,초2,104,곱셈 , 묶어 세어 볼까요,,51,곱셈이 이루어지는 실생활 상황을 통하여 곱셈의 의미를 이해한다.,210
7943,몇의 몇 배,1학기,4씩 3묶음은 12입니다.\n4씩 3묶음은 4의 3배입니다.\n4의 3배는 4+4+4=12입니다.,초등,초2,105,곱셈 , 2의 몇 배를 알아볼까요,,51,곱셈이 이루어지는 실생활 상황을 통하여 곱셈의 의미를 이해한다.,211
7944,곱셈식,1학기,2의 4배를 2×4라고 씁니다.\n2×4는 2 곱하기 4라고 읽습니다.\n2+2+2+2는 2×4와 같습니다.\n2×4=8\n2×4=8은 2 곱하기 4는 8과 같습니다라고 읽습니다.\n2와 4의 곱은 8입니다.,초등,초2,106,곱셈 , 곱셈식을 알아볼까요,,52,"곱셈구구를 이해하고, 한자릿수의 곱셈을 할 수 있다.",212
7945,곱셈식으로 나타내기,1학기,달걀의 수는 3의 6배입니다.\n달걀의 수를 덧셈식으로 나타내면 3+3+3+3+3+3=18입니다.\n달걀의 수를 곱셈식으로 나타내면 3×6=18입니다.,초등,초2,107,곱셈 , 곱셈식으로 나타내어 볼까요,,52,"곱셈구구를 이해하고, 한자릿수의 곱셈을 할 수 있다.",213
8027,100이 10개인 수,2학기,100이 10개이면 1000입니다. 1000은 천이라고 읽습니다.,초등,초2,108,네자릿수 , 100이 10개인 수를 알아볼까요,,4,"일, 십, 백, 천의 자릿값과 위치적 기수법을 이해하고, 네 자릿수를 읽고 쓸 수 있다.",18
8001,몇천,2학기,1000이 2개인 수를 2000이라 쓰고 이천이라고 읽습니다.\n1000이 3개인 수를 3000이라 쓰고 삼천이라고 읽습니다.\n1000이 4개인 수를 4000이라 쓰고 사천이라고 읽습니다.\n1000이 5개인 수를 5000이라 쓰고 오천이라고 읽습니다.\n1000이 6개인 수를 6000이라 쓰고 육천이라고 읽습니다.\n1000이 7개인 수를 7000이라 쓰고 칠천이라고 읽습니다.\n1000이 8개인 수를 8000이라 쓰고 팔천이라고 읽습니다.\n1000이 9개인 수를 9000이라 쓰고 구천이라고 읽습니다.,초등,초2,109,네자릿수 , 몇천을 알아볼까요 ,,4,"일, 십, 백, 천의 자릿값과 위치적 기수법을 이해하고, 네 자릿수를 읽고 쓸 수 있다.",1862
8002,네 자릿수,2학기,"1000이 3개, 100이 4개, 10이 6개, 1이 8개이면 3468입니다.3468은 삼천육백십팔이라고 읽습니다.",초등,초2,110,네자릿수 , 네 자릿수를 알아볼까요,,4,"일, 십, 백, 천의 자릿값과 위치적 기수법을 이해하고, 네 자릿수를 읽고 쓸 수 있다.",19
8003,각 자리의 숫자가 나타내는 값,2학기,"5는 천의 자리 숫자이고, 5000을 나타냅니다. 3은 백의 자리 숫자이고, 300을 나타냅니다. 4는 십의 자리 숫자이고, 40을 나타냅니다. 8은 일의 자리 숫자이고 8을 나타냅니다.\n5348=5000+300+40+8",초등,초2,111,네자릿수 , 각 자리의 숫자는 얼마를 나타낼까요,,4,"일, 십, 백, 천의 자릿값과 위치적 기수법을 이해하고, 네 자릿수를 읽고 쓸 수 있다.",20
8004,뛰어 세기,2학기,1000씩 뛰어 세면 천의 자릿수가 1씩 커집니다.\n100씩 뛰어 세면 백의 자릿수가 1씩 커집니다.\n10씩 뛰어 세면 십의 자릿수가 1씩 커집니다.\n1씩 뛰어 세면 일의 자릿수가 1씩 커집니다.,초등,초2,112,네자릿수 , 뛰어 세어 볼까요,,4,"일, 십, 백, 천의 자릿값과 위치적 기수법을 이해하고, 네 자릿수를 읽고 쓸 수 있다.",21
8005,네 자릿수의 크기 비교하기,2학기,"(1) 천의 자릿수를 비교합니다.\n(2) 첸의 자릿수가 같으면 백의 자릿수를 비교합니다.\n(3) 천의 자리, 백의 자릿수가 같으면 십의 자릿수를 비교합니다.\n(4) 천의 자리, 백의 자리, 십의 자릿수가 같으면 일의 자릿수를 비교합니다.",초등,초2,113,네자릿수 , 어느 수가 더 클까요,,8,"네 자릿수의 범위에서수의 계열을 이해하고, 수의 크기를 비교할 수 있다.",31
8006,2의 단 곱셈구구,2학기,2×1=2\n2×2=4\n2×3=6\n2×4=8\n2×5=10\n2×6=12\n2×7=14\n2×8=16\n2×9=18,초등,초2,114,곱셈구구 , 2단 곱셈구구를 알아볼까요,,52,"곱셈구구를 이해하고, 한자릿수의 곱셈을 할 수 있다.",214
8014,5의 단 곱셈구구,2학기,5×1=5\n5×2=10\n5×3=15\n5×4=20\n5×6=30\n5×5=25\n5×6=30\n5×7=35\n5×8=40\n5×9=45,초등,초2,115,곱셈구구 , 5단 곱셈구구를 알아볼까요,,52,"곱셈구구를 이해하고, 한자릿수의 곱셈을 할 수 있다.",215
8015,3의 단 곱셈구구,2학기,3×1=1\n3×2=6\n3×3=9\n3×4=12\n3×5=15\n3×6=18\n3×7=21\n3×8=24\n3×9=27,초등,초2,116,곱셈구구 ," 3단, 6단 곱셈구구를 알아볼까요",,52,"곱셈구구를 이해하고, 한자릿수의 곱셈을 할 수 있다.",216
8016,6의 단 곱셈구구,2학기,6×1=6\n6×2=12\n6×3=18\n6×4=24\n6×5=30\n6×6=36\n6×7=42\n6×8=48\n6×9=54,초등,초2,116,곱셈구구 ," 3단, 6단 곱셈구구를 알아볼까요",,52,"곱셈구구를 이해하고, 한자릿수의 곱셈을 할 수 있다.",217
8017,4의 단 곱셈구구,2학기,4×1=4\n4×2=8\n4×3=12\n4×4=16\n4×5=20\n4×6=24\n4×7=28\n4×8=32\n4×9=36,초등,초2,117,곱셈구구 ," 4단, 8단 곱셈 구구를 알아볼까요",,52,"곱셈구구를 이해하고, 한자릿수의 곱셈을 할 수 있다.",218
8018,8의 단 곱셈구구,2학기,8×1=8\n8×2=16\n8×3=24\n8×4=32\n8×5=40\n8×6=48\n8×7=56\n8×8=64\n8×9=72,초등,초2,117,곱셈구구 ," 4단, 8단 곱셈 구구를 알아볼까요",,52,"곱셈구구를 이해하고, 한자릿수의 곱셈을 할 수 있다.",219
8019,7의 단 곱셈구구,2학기,7×1=7\n7×2=14\n7×3=21\n7×4=28\n7×5=35\n7×6=42\n7×7=49\n7×8=56\n7×9=63,초등,초2,118,곱셈구구 , 7단 곱셈구구를 알아볼까요,,52,"곱셈구구를 이해하고, 한자릿수의 곱셈을 할 수 있다.",220
8020,9의 단 곱셈구구,2학기,9×1=9\n9×2=18\n9×3=27\n9×4=36\n9×5=45\n9×6=54\n9×7=63\n9×8=72\n9×9=81,초등,초2,119,곱셈구구 , 9단 곱셈구구를 알아볼까요,,52,"곱셈구구를 이해하고, 한자릿수의 곱셈을 할 수 있다.",221
8021,1의 단 곱셈구구,2학기,1과 어떤 수의 곱은 항상 어떤 수입니다. → 1×(어떤 수)=(어떤 수),초등,초2,120,곱셈구구 , 1단 곱셈구구와 0의 곱을 알아볼까요,,52,"곱셈구구를 이해하고, 한자릿수의 곱셈을 할 수 있다.",222
8022,0의 곱,2학기,0과 어떤 수의 곱은 항상 0입니다. → 0×(어떤 수)=0\n어떤 수와 0의 곱은 항상 0입니다. → (어떤 수)×0=0,초등,초2,120,곱셈구구 , 1단 곱셈구구와 0의 곱을 알아볼까요,,52,"곱셈구구를 이해하고, 한자릿수의 곱셈을 할 수 있다.",223
8023,곱셈표 만들기,2학기,"□의 단 곱셈구구에서는 곱이 □씩 커집니다.\n곱이 짝수인 곱셈구구는 2,4,6,8의 단입니다.\n4×5=20, 5×4=20과 같이 곱셈에서는 곱하는 두 수의 순서를 서로 바꾸어도 곱이 같습니다.",초등,초2,121,곱셈구구 , 곱셈표를 만들어 볼까요,,52,"곱셈구구를 이해하고, 한자릿수의 곱셈을 할 수 있다.",224
8122,곱셈구구를 이용하여 문제 해결하기,2학기,(1) 문제에서 구하려고 하는 것이 몇씩 몇 묶음인지 알아봅니다.\n(2) 곱셈식으로 나타낸 뒤 곱셈구구를 이용하여 답을 구합니다.,초등,초2,122,곱셈구구 , 곱셈구구를 이용하여 문제를 해결해 볼까요,,52,"곱셈구구를 이해하고, 한자릿수의 곱셈을 할 수 있다.",225
8123,1 m,2학기,100 cm는 1 m와 같습니다. 1 m는 1 미터라고 읽습니다. \n150 cm는 1 m 보다 50 cm 더 깁니다.\n150 cm를 1 m 50 cm라고도 씁니다.\n1 m 50 cm를 1 미터 50센티미터라고 읽습니다.\n150 cm=1 m 50 cm,초등,초2,123,길이 재기 , cm보다 더 큰 단위를 알아볼까요,,239,"1m가 100cm임을 알고, 길이를 단명수와 복명수로 표현할 수 있다.",1308
8124,줄자를 이용하여 길이를 재는 방법,2학기,(1) 책상의 한끝을 줄자의 눈금 0에 맞춥니다.\n(2) 책상의 다른 쪽 끝에 있는 줄자의 눈금을 읽습니다.,초등,초2,124,길이 재기 , 자로 길이를 재어 볼까요,,238,"1m의 단위를 알고, 상황에 따라 적절한 단위를 사용하여 길이를 측정할 수 있다.",1307
8125,길이의 합 구하기,2학기,"(1) m는 m끼리, cm는 cm끼리 자리를 맞추어 씁니다.\n(2) cm끼리 더합니다.\n(3) m끼리 더합니다.",초등,초2,125,길이 재기 , 길이의 합을 구해 볼까요,,242,실생활 문제 상황을 통하여 길이의 덧셈과 뺄셈을 이해한다.,1312
8126,길이의 차 구하기,2학기,"(1) m는 m끼리, cm는 cm끼리 자리를 맞추어 씁니다.\n(2) cm끼리 뺍니다.\n(3) m끼리 뺍니다.",초등,초2,126,길이 재기 , 길이의 차를 구해 볼까요,,242,실생활 문제 상황을 통하여 길이의 덧셈과 뺄셈을 이해한다.,1313
8127,길이 어림하기,2학기,길이를 알고 있는 몸의 일부를 이용하여 길이를 어림할 수 있습니다.,초등,초2,127,길이 재기 , 길이를 어림해 볼까요 (1),,240,"여러 가지 물건의 길이를 어림하여 보고, 길이에 대한 양감을 기른다.",1310
8129,5분 단위의 시각 읽어 보기,2학기,"시계의 긴바늘이 가리키는 숫자가 1이면 5분, 2이면 10분, 3이면 15분 …… 을 나타냅니다.",초등,초2,129,시각과 시간 , 몇 시 몇 분을 알아볼까요 (1),,232,시계를 보고 시각을 '몇 시 몇 분'으로 읽을 수 있다.,1299
8130,1분 단위의 시각 읽어 보기,2학기,시계에서 긴바늘이 가리키는 작은 눈금 한 칸은 1분을 나타냅니다.,초등,초2,130,시각과 시간 , 몇 시 몇 분을 알아볼까요 (2),,232,시계를 보고 시각을 '몇 시 몇 분'으로 읽을 수 있다.,1300
8131,여러 가지 방법으로 시각 읽어 보기,2학기,3시 55분을 4시 5분 전이라고도 합니다.,초등,초2,131,시각과 시간 , 여러 가지 방법으로 시각을 읽어 볼까요,,232,시계를 보고 시각을 '몇 시 몇 분'으로 읽을 수 있다.,1301
8132,1시간,2학기,시계의 긴바늘이 한 바퀴 도는 데 60분의 시간이 걸립니다.\n1시간은 60분입니다.,초등,초2,132,시각과 시간 , 1시간을 알아볼까요,,233,"1시간은 60분임을 알고, 시간을 '시간','분'으로 표현할 수 있다.",1302
8133,하루의 시간,2학기,하루는 24시간입니다.\n전날 밤 12시부터 낮 12시까지를 오전이라 하고 낮 12시부터 밤 12시까지를 오후라고 합니다.,초등,초2,133,시각과 시간 , 하루의 시간을 알아볼까요,,234,"1분, 1시간, 1일 사이의 관계를 이해한다.",1303
8134,달력,2학기,1주일은 7일입니다.\n1년은 12개월입니다.,초등,초2,134,시각과 시간 , 달력을 알아볼까요,,235,"1일, 1주일, 1개월, 1년 사이의 관계를 이해한다.",1304
8135,자료를 보고 표로 나타내기,2학기,자료를 분류하여 분류한 종류에 맞게 수를 세어 표로 나타냅니다.\n자료를 보고 바로 표로 나타낼 때에는 '正'의 표시 방법을 이용하여 자료를 빠뜨리지 않고 센 후 표를 완성합니다.\n표로 나타내면 종류별 자료의 수를 쉽게 알 수 있습니다. 전체 자료의 수를 쉽게 알 수 있습니다.,초등,초2,135,표와 그래프 , 자료를 보고 표로 나타내어 볼까요,,293,"분류한 자료를 표로 나타내고, 표로 나타내면 편리한 점을 말할 수 있다.",1445
8137,그래프로 나타내는 방법,2학기,"(1) 가로와 세로에 각각 무엇을 나타낼지 정합니다.\n(2) 가로와 세로를 각각 몇 칸으로 할지 정합니다.\n(3) 그래프에 ○, ×,/중 하나를 선택하여 자료를 나타냅니다.\n(4) 그래프의 제목을 씁니다.\n그래프로 나타내면 가장 많은 것과 가장 적은 것을 한눈에 알 수 있습니다.",초등,초2,137,표와 그래프 , 그래프로 나타내어 볼까요,,294,"분류한 자료를 ○, ×, ／등을 이용하여 그래프로 나타내고, 그래프로 나타내면 편리한 점을 말할 수 있다.",1450
8138,표와 그래프의 편리한 점,2학기,표는 종류별 자료의 수와 전체 자료의 수를 쉽게 알 수 있습니다.\n그래프는 가장 많은 것과 가장 적은 것을 한눈에 알 수 있습니다.,초등,초2,138,표와 그래프 , 표와 그래프의 내용을 알아볼까요,,293,"분류한 자료를 표로 나타내고, 표로 나타내면 편리한 점을 말할 수 있다.",1863
8136,자료를 조사하여 표로 나타내기,2학기,(1) 조사할 내용을 정합니다.\n(2) 조사할 내용에 알맞은 조사 방법을 선택합니다.\n(3) 선택한 조사 방법으로 자료를 조사합니다.\n(4) 조사한 자료를 분류하여 분류한 종류에 맞게 수를 세어 표로 나타냅니다.,초등,초2,139,표와 그래프 , 표와 그래프로 나타내어 볼까요,,293,"분류한 자료를 표로 나타내고, 표로 나타내면 편리한 점을 말할 수 있다.",1446
8091,표와 그래프로 나타내기,2학기,가장 많은 학생들이 좋아하는 과일을 한눈에 알아보기에 편리한 것은 그래프입니다.,초등,초2,139,표와 그래프 , 표와 그래프로 나타내어 볼까요,,293,"분류한 자료를 표로 나타내고, 표로 나타내면 편리한 점을 말할 수 있다.",1447
8092,덧셈표에서 규칙찾기,2학기,"같은 줄에서 아래쪽으로 내려갈수록, 오른쪽으로 갈수록 1씩 커지는 규칙이 있습니다.",초등,초2,140,규칙 찾기 , 덧셈표에서 규칙을 찾아볼까요,,117,"물체, 무늬, 수 등의 배열에서 규칙을 찾아 여러가지 방법으로 나타낼 수 있다.",647
8093,곱셈표에서 규칙찾기,2학기,"각 단의 수는 아래쪽으로 내려갈수록, 오른쪽으로 갈수록 단의 수만큼 커지는 규칙이 있습니다.",초등,초2,141,규칙 찾기 , 곱셈표에서 규칙을 찾아볼까요,,117,"물체, 무늬, 수 등의 배열에서 규칙을 찾아 여러가지 방법으로 나타낼 수 있다.",648
8094,색깔에서 규칙찾기,2학기,1. 처음과 같은 색깔을 찾습니다. 2. 처음 색깔과 1사이에 있는 색깔을 확인합니다. 3. 2가 1 다음에 똑같이 반복되는지 확인합니다.,초등,초2,142,규칙 찾기 , 무늬에서 규칙을 찾아볼까요 (1),,117,"물체, 무늬, 수 등의 배열에서 규칙을 찾아 여러가지 방법으로 나타낼 수 있다.",649
8095,모양에서 규칙찾기,2학기,1. 처음과 같은 모양을 찾습니다. 2. 처음 모양과 1사이에 있는 모양을 확인합니다. 3. 2가 1 다음에 똑같이 반복되는지 확인합니다.,초등,초2,143,규칙 찾기 , 무늬에서 규칙을 찾아볼까요 (2),,117,"물체, 무늬, 수 등의 배열에서 규칙을 찾아 여러가지 방법으로 나타낼 수 있다.",650
8096,쌓은 모양에서 규칙찾기,2학기,쌓기나무는 'ㄴ'자 모양으로 쌓으면서 쌓기나무가 2개씩 늘어나는 규칙이 있습니다.,초등,초2,144,규칙 찾기 , 쌓은 모양에서 규칙을 찾아볼까요,,118,"자신이 정한 규칙에 따라 물체, 무늬, 수 등을 배열할 수 있다.",651
8097,수와 규칙이 있는 생활 속이 예,2학기,"전자계산기의 숫자 버튼, 휴대 전화의  숫자 버튼, 경기장의 좌석번호, 학교 사물함 번호등",초등,초2,145,규칙 찾기 , 생활에서 규칙을 찾아볼까요,,118,"자신이 정한 규칙에 따라 물체, 무늬, 수 등을 배열할 수 있다.",652
7307,받아 올림이 없는 $(세자릿수)+(세자릿수)$,1학기,"1. 각 자리의 숫자를 맞추어 적습니다.\n2. 일의 자리, 십의 자리, 백의 자리 순서로 더한 값을 차례로 적습니다.",초등,초3,146,덧셈과 뺄셈 , 덧셈을 해 볼까요 (1),,45,"두 자릿수의 범위에서 받아 올림이 없는 덧셈과 받아 내림이 없는 뺄셈의 계산 원리를 이해하고, 그 계산을 할 수 있다.",181
7308,받아 올림이 한 번 있는 $(세자릿수)+(세자릿수)$,1학기,"1. 각 자리의 숫자를 맞추어 적습니다.\n2. 일의 자리, 십의 자리, 백의 자리 순서로 더한 값을 차례로 적습니다. 이때 일의 자리에서 받아 올림이 있으면 십의 자리에, 십의 자리에서 받아 올림이 있으면 백의 자리에 받아올려 계산합니다.",초등,초3,147,덧셈과 뺄셈 , 덧셈을 해 볼까요 (2),,53,받아 올림이 있는 (세 자릿수)+(세 자릿수)의 계산 원리를 이해하고 그 계산을 할 수 있다.,226
7309,받아 올림이 두 번 있는 $(세자릿수)+(세자릿수)$,1학기,"1. 각 자리의 숫자를 맞추어 적습니다.\n2. 일의 자리, 십의 자리, 백의 자리 순서로 더한 값을 차례로 적습니다. 이때 일의 자리에서 받아 올림이 있으면 십의 자리에, 십의 자리에서 받아 올림이 있으면 백의 자리에 받아올려 계산합니다.",초등,초3,148,덧셈과 뺄셈 , 덧셈을 해 볼까요 (3),,53,받아 올림이 있는 (세 자릿수)+(세 자릿수)의 계산 원리를 이해하고 그 계산을 할 수 있다.,227
7310,받아 올림이 세 번 있는 $(세자릿수)+(세자릿수)$,1학기,"1. 각 자리의 숫자를 맞추어 적습니다.\n2. 일의 자리, 십의 자리, 백의 자리 순서로 더한 값을 차례로 적습니다. 이때 일의 자리에서 받아 올림이 있으면 십의 자리에, 십의 자리에서 받아 올림이 있으면 백의 자리에, 백의 자리에서 받아 올림이 있으면 천의 자리에 받아올려 계산합니다.",초등,초3,148,덧셈과 뺄셈 , 덧셈을 해 볼까요 (3),,53,받아 올림이 있는 (세 자릿수)+(세 자릿수)의 계산 원리를 이해하고 그 계산을 할 수 있다.,228
307,받아 내림이 없는 $(세 자릿수)-(세 자릿수)$,1학기,"1. 각 자리의 숫자를 맞추어 적습니다.\n2. 일의 자리, 십의 자리, 백의 자리 순서로 뺀 값을 차례로 적습니다.",초등,초3,149,덧셈과 뺄셈 , 뺄셈을 해 볼까요 (1),,45,"두 자릿수의 범위에서 받아 올림이 없는 덧셈과 받아 내림이 없는 뺄셈의 계산 원리를 이해하고, 그 계산을 할 수 있다.",182
308,받아 내림이 한 번 있는 $(세 자릿수)-(세 자릿수)$,1학기,"1. 각 자리의 숫자를 맞추어 적습니다.\n2. 일의 자리, 십의 자리, 백의 자리 순서로 뺀 값을 차례로 적습니다. 이때 십의 자리에서 받아 내림이 있으면 일의 자리에, 백의 자리에서 받아 내림이 있으면 십의 자리에 받아내려 계산합니다.",초등,초3,150,덧셈과 뺄셈 , 뺄셈을 해 볼까요 (2),,54,받아 내림이 있는 (세 자릿수)-(세 자릿수)의 계산 원리를 이해하고 그 계산을 할 수 있다.,229
309,받아 내림이 두 번 있는 $(세 자릿수)-(세 자릿수)$,1학기,"1. 각 자리의 숫자를 맞추어 적습니다.\n2. 일의 자리, 십의 자리, 백의 자리 순서로 뺀 값을 차례로 적습니다. 이때 십의 자리에서 받아 내림이 있으면 일의 자리에, 백의 자리에서 받아 내림이 있으면 십의 자리에 받아 내려 계산합니다.",초등,초3,151,덧셈과 뺄셈 , 뺄셈을 해 볼까요 (3),,54,받아 내림이 있는 (세 자릿수)-(세 자릿수)의 계산 원리를 이해하고 그 계산을 할 수 있다.,230
331,선분,1학기,"선분 : 두 점을 곧게 이은 선을 선분이라고 합니다. 점 ㄱ과 점 ㄴ을 이은 선분을 ""선분 ㄱㄴ"" 또는 ""선분 ㄴㄱ""이라고 합니다.",초등,초3,152,평면도형 , 선의 종류에는 어떤 것이 있을까요,,148,"직선, 선분, 반직선을 알고 구별할 수 있다.",837
332,각,1학기,"한 점에서 그은 두 반직선으로 이루어진 도형을 ""각""이라고 합니다. 반직선 ㄴㄱ과 반직선 ㄴㄷ으로 이루어진 각을 ""각 ㄱㄴㄷ"" 또는 ""각 ㄷㄴㄱ""이라고 하고, 이때 점 ㄴ을 각의 꼭짓점이라 합니다. 반직선 ㄴㄱ과 반직선 ㄴㄷ을 각의 ""변""이라고 하고, 이 변을 ""변 ㄴㄱ""과 ""변 ㄴㄷ""이라고 합니다.",초등,초3,153,평면도형 , 각을 알아볼까요,,149,"각과 직각의 의미를 이해하고, 생활 주변에서 예를 찾을 수 있다.",840
339,직각삼각형,1학기,한 각이 직각인 삼각형을 직각삼각형이라고 합니다.,초등,초3,155,평면도형 , 직각삼각형을 알아볼까요,,149,"각과 직각의 의미를 이해하고, 생활 주변에서 예를 찾을 수 있다.",842
342,직사각형,1학기,네 각이 모두 직각인 사각형을 직사각형이라고 합니다.,초등,초3,156,평면도형 , 직사각형을 알아볼까요,,149,"각과 직각의 의미를 이해하고, 생활 주변에서 예를 찾을 수 있다.",843
346,정사각형,1학기,"네 각이 모두 직각이고 네 변의 길이가 모두 같은 사각형을 ""정사각형""이라고 합니다.\n(참고) 정사각형은 네 각이 모두 직각이므로 직사각형이라고 할 수 있습니다.",초등,초3,157,평면도형 , 정사각형을 알아볼까요,,149,"각과 직각의 의미를 이해하고, 생활 주변에서 예를 찾을 수 있다.",844
351,나눗셈,1학기,"$6\div2=3$과 같은 식을 ""나눗셈식""이라고 하고 ""6 나누기 2는 3과 같습니다""라고 읽습니다. 이때 3은 6을 2로 나눈 ""몫"", 6은 ""나누어지는 수"", 2는 ""나누는 수""라고 합니다.",초등,초3,158,나눗셈 , 똑같이 나누어 볼까요 (1),,59,나눗셈이 이루어지는 실생활 상황을 통하여 나눗셈의 의미를 이해한다.,248
7333,똑같이 나누어 한 부분의 크기 알아보기,1학기,사탕 10개를 2접시에 똑같이 나누면 한 접시에 사탕을 5개씩 놓게 됩니다.,초등,초3,158,나눗셈 , 똑같이 나누어 볼까요 (1),,59,나눗셈이 이루어지는 실생활 상황을 통하여 나눗셈의 의미를 이해한다.,250
363,뺄셈식을 이용하여 나눗셈식으로 나타내기,1학기,12에서 2씩 6번 빼면 0이 됩니다.,초등,초3,159,나눗셈 , 똑같이 나누어 볼까요 (2),,59,나눗셈이 이루어지는 실생활 상황을 통하여 나눗셈의 의미를 이해한다.,249
7334,같은 양이 몇 번 들어 있는지 알아보기,1학기,단팥빵 12개를 2개씩 묶어 보면 6묶음이 됩니다.,초등,초3,159,나눗셈 , 똑같이 나누어 볼까요 (2),,59,나눗셈이 이루어지는 실생활 상황을 통하여 나눗셈의 의미를 이해한다.,251
355,곱셈과 나눗셈의 관계,1학기,"곱셈식을 2개의 나눗셈식으로, 나눗셈식을 2개의 곱셈식으로 바꿀 수 있습니다.",초등,초3,160,나눗셈 , 곱셈과 나눗셈의 관계를 알아볼까요,,60,곱셈과 나눗셈의 관계를 이해한다.,252
365,나눗셈의 몫을 곱셈식에서 구하기,1학기,나눗셈식을 곱셈식으로 나타낸 다음 그 곱셈식에서 곱하는 수와 곱해지는 수를 찾아 나눗셈의 몫을 구할 수 있습니다.,초등,초3,161,나눗셈 , 나눗셈의 몫을 곱셈식으로 구해 볼까요,,60,곱셈과 나눗셈의 관계를 이해한다.,253
371,나눗셈의 몫을 곱셈구구로 구하기,1학기,나누는 수의 단 곱셈구구에서 곱이 나누어지는 수가 되는 곱셈식을 찾습니다.,초등,초3,162,나눗셈 , 나눗셈의 몫을 곱셈구구로 구해 볼까요,,60,곱셈과 나눗셈의 관계를 이해한다.,254
373,$(몇십)\times(몇)$,1학기,$(몇)\times(몇)$을 계산한 값에 $0$을 붙입니다.,초등,초3,163,곱셈 , (몇십)ⅹ(몇)을 구해 볼까요,,56,(두 자릿수)×(한 자릿수)와 (세 자릿수)×(한 자릿수)의 계산 원리를 이해하고 그 계산을 할 수 있다.,231
405,올림이 없는 $(몇십 몇)\times(몇)$,1학기,"일의 자릿수끼리 곱한 값을 일의 자리에, 십의 자릿수와 일의 자릿수를 곱한 값을 십의 자리에 씁니다.",초등,초3,164,곱셈 , (몇십 몇)ⅹ(몇)을 구해 볼까요 (1),,56,(두 자릿수)×(한 자릿수)와 (세 자릿수)×(한 자릿수)의 계산 원리를 이해하고 그 계산을 할 수 있다.,232
407,십의 자리에서 올림이 있는  $(몇십 몇)\times(몇)$,1학기,"① (몇십 몇)의 일의 자릿수와 (몇)를 곱한 값을 일의 자리에 씁니다.\n② (몇십 몇)의 십의 자릿수와 (몇)을 곱한 값을 몇십 몇이라 할 때, 몇을 십의 자리에 쓰고 몇십을 백의 자리에 씁니다.",초등,초3,165,곱셈 , (몇십 몇)ⅹ(몇)을 구해 볼까요 (2),,56,(두 자릿수)×(한 자릿수)와 (세 자릿수)×(한 자릿수)의 계산 원리를 이해하고 그 계산을 할 수 있다.,233
409,일의 자리에서 올림이 있는 $(몇십 몇)\times(몇)$,1학기,① (몇십 몇)의 일의 자릿수와 (몇)을 곱한 몇십 몇에서 몇을 일의 자리에 쓰고 올림 하는 수 몇십을 십의 자리 위에 작게 적습니다.\n② (몇십 몇)의 십의 자릿수와 (몇)을 곱한 값에 올림 한 수를 더하여 십의 자리에 씁니다.,초등,초3,166,곱셈 , (몇십 몇)ⅹ(몇)을 구해 볼까요 (3),,56,(두 자릿수)×(한 자릿수)와 (세 자릿수)×(한 자릿수)의 계산 원리를 이해하고 그 계산을 할 수 있다.,234
411,십의 자리와 일의 자리에서 올림이 있는 $(몇십 몇)\times(몇)$,1학기,"① (몇십 몇)의 일의 자릿수와 (몇)을 곱한 몇십 몇에서 몇을 일의 자리에 쓰고 올림 하는 수 몇십을 십의 자리 위에 작게 적습니다.\n② (몇십 몇)의 십의 자릿수와 (몇)을 곱한 값이 두 자릿수일 때, 그 수에 올림 하는 수를 더한 후 그 값의 일의 자릿수를 십의 자리에 쓰고 십의 자릿수를 백의 자리에 씁니다.",초등,초3,167,곱셈 , (몇십 몇)ⅹ(몇)을 구해 볼까요 (4),,56,(두 자릿수)×(한 자릿수)와 (세 자릿수)×(한 자릿수)의 계산 원리를 이해하고 그 계산을 할 수 있다.,235
429,몇 cm 몇 mm와 몇 mm로 나타내기,1학기,"21 cm보다 5 mm 더 긴 것을 ""21 cm 5 mm""라 쓰고 ""21 센티미터 5 밀리미터""라고 읽습니다. 21 cm 5 mm는 215 mm입니다.",초등,초3,168,길이와 시간 , 1cm보다 작은 단위는 무엇일까요,,246,"1cm와 1mm, 1km,와 1m의 관계를 이해하고, 길이를 단명수와 복명수로 표현할 수 있다.",1320
436,길이와 거리를 어림하기,1학기,물건의 길이를 어림하고 자로 재어 확인한다.\n지도에 주어진 거리를 이용하여 다른 거리를 어림한다.,초등,초3,170,길이와 시간 , 길이와 거리를 어림하고 재어 볼까요,,245,"길이를 나타내는 새로운 단위의 필요성을 인식하여 1mm와 1km의 단위를 알고, 이를 이용하여 길이를 측정하고 어림할 수 있다.",1319
438,1초와 60초,1학기,"- 초바늘이 작은 눈금 한 칸을 가는 동안 걸리는 시간을 ""1초""라고 합니다.\n- 초바늘이 시계를 한 바퀴 도는 데 걸리는 시간은 60초입니다.\n- 60초는 1분과 같습니다.",초등,초3,171,길이와 시간 , 1분보다 작은 단위는 무엇일까요,,243,"1분은 60초임을 알고, 초단위까지 시각을 읽을 수 있다.",1314
439,시간의 덧셈과 뺄셈,1학기,"시간의 덧셈 : 시는 시끼리, 분은 분끼리, 초는 초끼리 더합니다.\n시간의 뺄셈 : 시는 시끼리, 분은 분끼리, 초는 초끼리 뺍니다.",초등,초3,172,길이와 시간 , 시간은 어떻게 더하고 뺄까요 (1),,244,초 단위까지의 시간의 덧셈과 뺄셈을 할 수 있다.,1316
443,"시간의 덧셈과 뺄셈 (받아 올림, 받아 내림이 있을 때)",1학기,분끼리의 합이 60이거나 60보다 크면 60분을 1시간으로 받아 올림한다.\n분끼리 뺄 수 없으면 1시간을 60분으로 받아 내림한다.,초등,초3,173,길이와 시간 , 시간은 어떻게 더하고 뺄까요 (2),,244,초 단위까지의 시간의 덧셈과 뺄셈을 할 수 있다.,1315
447,똑같이 나누기,1학기,"똑같이 나누면 나누어진 조각의 모양과 크기가 같고, 서로 겹쳤을 때  완전히 겹쳐집니다.",초등,초3,174,분수와 소수 , 똑같이 나누어 볼까요,,14,양의 등분할을 통하여분수를 이해하고 읽고 쓸 수 있다.,50
452,분수,1학기,"전체를 똑같이 2로 나눈 것 중의 1을 $\frac{1}{2}$이라 쓰고 ""2분의 1""이라고 읽습니다.\n$\frac{1}{2}$과 같은 수를 ""분수""라고 합니다.\n이때 1(위에 있는 수)을 분자, 2(아래에 있는 수)를 분모라고 합니다.",초등,초3,175,분수와 소수 , 분수를 알아볼까요 (1),,14,양의 등분할을 통하여 분수를 이해하고 읽고 쓸 수 있다.,51
458,"분수, 부분과 전체",1학기,전체 중의 똑같이 나눈 것 중의 부분은 분수로 나타냅니다.,초등,초3,176,분수와 소수 , 분수를 알아볼까요 (2),,14,양의 등분할을 통하여 분수를 이해하고 읽고 쓸 수 있다.,52
461,분모가 같은 분수의 크기 비교,1학기,분모가 같은 분수는 분자가 클수록 더 큽니다.,초등,초3,177,분수와 소수 , 분모가 같은 분수의 크기를 비교해 볼까요,,17,"분모가 같은 분수끼리, 단위분수끼리 크기를 비교할 수 있다.",62
464,단위분수,1학기,단위분수: 분수 중에서 분자가 1인 분수,초등,초3,178,분수와 소수 , 단위분수의 크기를 비교해 볼까요,,17,"분모가 같은 분수끼리, 단위분수끼리 크기를 비교할 수 있다.",63
465,단위분수의 크기 비교,1학기,단위분수는 분모가 작을수록 더 큽니다.,초등,초3,178,분수와 소수 , 단위분수의 크기를 비교해 볼까요,,17,"분모가 같은 분수끼리, 단위분수끼리 크기를 비교할 수 있다.",64
471,소수와 소수점,1학기,"$\frac{1}{10}=0.1$\n-전체를 똑같이 10으로 나눈 것 중의 1은 $\frac{1}{10}$입니다.\n-분수 $\frac{1}{10}$을 0.1이라 쓰고 영 점 일이라고 읽습니다.\n-0.1, 0.2, 0.3과 같은 수를 소수라고 하고 '.'을 소수점이라고 합니다.",초등,초3,179,분수와 소수 , 소수를 알아볼까요 (1),,18,분모가 10인 진분수를 통하여 소수 한 자릿수를 이해하고 읽고 쓸수 있다.,68
475,자연수와 소수로 이루어진 소수,1학기,"$9$와 $0.7$만큼을 $9.7$이라 쓰고 ""구 점 칠""이라고 읽습니다.",초등,초3,180,분수와 소수 , 소수를 알아볼까요 (2),,18,분모가 10인 진분수를 통하여 소수 한 자릿수를 이해하고 읽고 쓸수 있다.,69
481,소수의 크기 비교,1학기,소수점 왼쪽의 수를 먼저 비교합니다.\n-소수점 왼쪽의 수가 다를 때에는 소수점 왼쪽의 수가 클수록 더 큽니다.\n-소수점 왼쪽의 수가 같을 때는 소수점 오른쪽의 수가 클수록 더 큽니다.,초등,초3,181,분수와 소수 , 소수의 크기를 비교해 볼까요,,20,소수의 한 자릿수의 크기를 비교할 수 있다.,73
7636,올림이 없는 $(세자릿수)\times(한자릿수)$,2학기,① 일의 자릿수와 (한 자릿수)를 곱한 값을 일의 자리에 씁니다.\n② 십의 자릿수와 (한 자릿수)를 곱한 값을 십의 자리에 씁니다.\n③ 백의 자릿수와 (한 자릿수)를 곱한 값을 백의 자리에 씁니다.,초등,초3,182,곱셈 , (세 자릿수)ⅹ(한 자릿수)를 구해 볼까요 (1),,56,(두 자릿수)×(한 자릿수)와 (세 자릿수)×(한자릿수)의 계산 원리를 이해하고 그 계산을 할 수 있다.,236
7637,일의 자리에서 올림이 있는 $(세자릿수)\times(한자릿수)$,2학기,"① 일의 자릿수와 (한 자릿수)를 곱한 값을 몇십 몇이라 하면, 몇십을 십의 자리로 올림하고 몇을 일의 자리에 씁니다.\n② 십의 자릿수와 (한 자릿수)를 곱한 값에 올림한 수를 더하여 십의 자리에 씁니다.\n③ 백의 자릿수와 (한 자릿수)를 곱한 값을 백의 자리에 씁니다.",초등,초3,183,곱셈 , (세 자릿수)ⅹ(한 자릿수)를 구해 볼까요 (2),,56,(두 자릿수)×(한 자릿수)와 (세 자릿수)×(한자릿수)의 계산 원리를 이해하고 그 계산을 할 수 있다.,237
7653,"십의 자리, 백의 자리에서 올림이 있는 $(세자릿수)\times(한자릿수)$",2학기,"① 일의 자릿수와 (한 자릿수)를 곱한 값을 일의 자리에 씁니다.\n② 십의 자릿수와 (한 자릿수)를 곱한 값을 몇십 몇이라 하면, 몇십을 백의 자리로 올림하고 몇을 십의 자리에 씁니다.\n③ 백의 자릿수와 (한 자릿수)를 곱한 값에 십의 자리에서 올림한 수를 더하여 천의 자리와 백의 자리에 씁니다.",초등,초3,184,곱셈 , (세 자릿수)ⅹ(한 자릿수)를 구해 볼까요 (3),,56,(두 자릿수)×(한 자릿수)와 (세 자릿수)×(한자릿수)의 계산 원리를 이해하고 그 계산을 할 수 있다.,238
549,$(몇십 몇)\times(몇십)$,2학기,방법1) (몇십 몇)에 $10$을 먼저 곱한 후 (몇)을 곱하기\n\n방법2) (몇십 몇)에 (몇)을 먼저 곱한 후 $10$을 곱하기,초등,초3,185,곱셈 ," (몇십)ⅹ(몇십), (몇십 몇)ⅹ(몇십)을 구해 볼까요",,57,(두 자릿수)×(두 자릿수)와 (세 자릿수)×(두 자릿수)의 계산 원리를 이해하고 그 계산을 할 수 있다.,241
547,$(몇십)\times(몇십)$,2학기,방법1) (몇십)과 (몇)을 곱한 뒤 $10$을 곱하기\n\n방법2) (몇)과 (몇)을 곱한 뒤 $10$을 두 번 곱하기,초등,초3,185,곱셈 ," (몇십)ⅹ(몇십), (몇십 몇)ⅹ(몇십)을 구해 볼까요",,57,(두 자릿수)×(두 자릿수)와 (세 자릿수)×(두 자릿수)의 계산 원리를 이해하고 그 계산을 할 수 있다.,240
554,올림이 한 번 있는 $(몇십 몇)\times(몇십 몇)$,2학기,① (몇십 몇)과 (몇)을 곱한 값을 자리에 맞게 씁니다.\n② (몇십 몇)과 (몇십)을 곱한 값을 자리에 맞게 씁니다.\n③ 각 자리의 수를 더합니다.,초등,초3,187,곱셈 , (몇십 몇)ⅹ(몇십 몇)을 구해 볼까요 (1),,57,(두 자릿수)×(두 자릿수)와 (세 자릿수)×(두 자릿수)의 계산 원리를 이해하고 그 계산을 할 수 있다.,242
559,올림이 여러 번 있는 $(몇십 몇)\times(몇십 몇)$,2학기,① (몇십 몇)과 (몇)을 곱한 값을 십의 자리와 일의 자리에 맞게 씁니다.\n② (몇십 몇)과 (몇십)을 곱한 값을 백의 자리와 십의 자리에 맞게 씁니다.\n③ 각 자리의 수를 더합니다.,초등,초3,188,곱셈 , (몇십 몇)ⅹ(몇십 몇)을 구해 볼까요 (2),,57,(두 자릿수)×(두 자릿수)와 (세 자릿수)×(두 자릿수)의 계산 원리를 이해하고 그 계산을 할 수 있다.,243
574,곱셈의 활용,2학기,실제 생활에서 곱셈을 활용하여 문제를 해결하기,초등,초3,189,곱셈 , 곱셈을 활용할 수 있어요,,58,곱하는 수가 한 자릿수 또는 두 자릿수인 곱셈에서 계산 결과를 어림할 수 있다.,247
7690,내림이 없는 $(몇십)\div(몇)$,2학기,$(몇)\div(몇)$을 한 뒤 그 값에 곱하기 $10$을 합니다.,초등,초3,190,나눗셈 , (몇십)÷(몇)을 구해 볼까요 (1),,61,"나누는 수가 한 자릿수인 나눗셈의 계산 원리를 이해하고 그 계산을 할 수 있으며, 나눗셈에서 몫과 나머지의 의미를 안다.",255
7691,내림이 있는 $(몇십)\div(몇)$,2학기,1) 수 모형을 이용하여 (몇십)을 (몇)개씩 묶으면 몇 묶음이 되는지 알아봅니다.\n2) (몇십)을 똑같이 (몇)묶음으로 나누었을 때 한 묶음에 몇 개가 있는지 알아봅니다.,초등,초3,191,나눗셈 , (몇십)÷(몇)을 구해 볼까요 (2),,61,"나누는 수가 한 자릿수인 나눗셈의 계산 원리를 이해하고 그 계산을 할 수 있으며, 나눗셈에서 몫과 나머지의 의미를 안다.",256
7781,내림이 없는 $(몇십 몇)\div(몇)$의 계산,2학기,"1) 십의 자릿수를 (몇)으로 나누고 일의 자릿수를 (몇)으로 나눕니다.\n2) 수 모형으로 알아보면, (몇십 몇)을 (몇)묶음으로 똑같이 나누었을 때 수 모형이 한 묶음에 몇 개인지 확인합니다.",초등,초3,192,나눗셈 , (몇십 몇)÷(몇)을 구해 볼까요 (1),,61,"나누는 수가 한 자릿수인 나눗셈의 계산 원리를 이해하고 그 계산을 할 수 있으며, 나눗셈에서 몫과 나머지의 의미를 안다.",257
7782,내림이 있는 $(몇십 몇)\div(몇)$의 계산,2학기,십의 자릿수를 (몇)으로 나눈 나머지를 십의 자리로 내립니다. 내린 수와 (몇십 몇)에서의 몇을 합쳐서 일의 자리에서 (몇)으로 나눕니다.,초등,초3,193,나눗셈 , (몇십 몇)÷(몇)을 구해 볼까요 (2),,61,"나누는 수가 한 자릿수인 나눗셈의 계산 원리를 이해하고 그 계산을 할 수 있으며, 나눗셈에서 몫과 나머지의 의미를 안다.",258
7788,내림이 없고 나머지가 있는 $(몇십 몇)\div(몇)$,2학기,"$17\div5$의 계산 방법\n-17을 5로 나누면 몫은 3이고 2가 남습니다. 이때 2를 $17\div5$의 나머지라고 합니다.\n나머지가 없으면 나머지가 0이라고 말할 수 있습니다. 나머지가 0일 때, 나누어떨어진다고 합니다.",초등,초3,194,나눗셈 , 나머지가 있는 (몇십 몇)÷(몇)을 구해 볼까요 (1),,61,"나누는 수가 한 자릿수인 나눗셈의 계산 원리를 이해하고 그 계산을 할 수 있으며, 나눗셈에서 몫과 나머지의 의미를 안다.",262
7789,내림이 있고 나머지가 있는 $(몇십 몇)\div(몇)$,2학기,$53\div4$의 계산 방법\n1. 십의 자리에서 5를 4로 나눕니다.\n2. 십의 자리에서 남은 1과 일의 자리에서 3을 합친 13을 4로 나눕니다.,초등,초3,195,나눗셈 , 나머지가 있는 (몇십 몇)÷(몇)을 구해 볼까요 (2),,61,"나누는 수가 한 자릿수인 나눗셈의 계산 원리를 이해하고 그 계산을 할 수 있으며, 나눗셈에서 몫과 나머지의 의미를 안다.",263
7817,나머지가 없는 $(세자릿수)\div(한자릿수)$,2학기,백의 자리에서 (한자릿수)로 나누어 지는지 확인합니다.\n\n1. 나누어진다면 백의 자릿수를 (한 자릿수)로 나누고 내림합니다.\n2. 내림한 수와 십의 자릿수를 합쳐 (한 자릿수)로 나누고 내림합니다.\n3. 내림한 수와 일의 자릿수를 합쳐 (한 자릿수)로 나눕니다.\n4. 나머지가 $0$인지 확인합니다.\n\n1-1. 나누어지지 않는다면 넘어갑니다.\n2-1. 십의 자리에서 (한 자릿수)로 나누고 내림합니다.\n3-1. 내림한 수와 일의 자릿수를 합쳐 (한 자릿수)로 나눕니다.\n4-1. 나머지가 $0$인지 확인합니다.,초등,초3,196,나눗셈 , (세 자릿수)÷(한 자릿수)를 구해 볼까요,,61,"나누는 수가 한 자릿수인 나눗셈의 계산 원리를 이해하고 그 계산을 할 수 있으며, 나눗셈에서 몫과 나머지의 의미를 안다.",259
7818,나머지가 있는 $(세자릿수)\div(한자릿수)$,2학기,백의 자리에서 (한 자릿수)로 나누어 지는지 확인합니다.\n\n1. 나누어진다면 백의 자릿수를 (한자릿수)로 나누고 내림합니다.\n2. 내림한 수와 십의 자릿수를 합쳐 (한 자릿수)로 나누고 내림합니다.\n3. 내림한 수와 일의 자릿수를 합쳐 (한 자릿수)로 나눕니다.\n4. 나머지가 나누는 수보다 작은지 확인합니다.\n\n1-1. 나누어지지 않는다면 넘어갑니다.\n2-1. 십의 자리에서 (한 자릿수)로 나누고 내림합니다.\n3-1. 내림한 수와 일의 자릿수를 합쳐 (한 자릿수)로 나눕니다.\n4-1. 나머지가 나누는 수보다 작은지 확인합니다.,초등,초3,197,나눗셈 , 나머지가 있는 (세 자릿수)÷(한 자릿수)를 구해 볼까요,,61,"나누는 수가 한 자릿수인 나눗셈의 계산 원리를 이해하고 그 계산을 할 수 있으며, 나눗셈에서 몫과 나머지의 의미를 안다.",260
7823,나눗셈을 맞게 계산했는지 확인하기,2학기,나누는 수와 몫의 곱에 나머지를 더하면 나누어지는 수가 되어야 합니다.\n$22\div6=3\cdots4$\n(확인) $6\times3+4=22$,초등,초3,198,나눗셈 , 계산이 맞는지 확인해 볼까요,,61,"나누는 수가 한 자릿수인 나눗셈의 계산 원리를 이해하고 그 계산을 할 수 있으며, 나눗셈에서 몫과 나머지의 의미를 안다.",261
1707,"원의 중심, 반지름, 지름",2학기,1. 원의 중심 : 원을 그릴 때에 누름 못이 꽂혔던 점\n2. 반지름 : 원의 중심과 원 위의 한 점을 이은 선분\n3. 지금 : 원 위의 두 점을 이은 선분이 원의 중심을 지날 때의 선분,초등,초3,199,원 ," 원의 중심, 반지름, 지름을 알아볼까요",,152,"원의 중심, 반지름, 지름을 알고, 그 관계를 이해한다.",855
1720,원의 성질,2학기,1. 한 원에서 원의 중심은 1개입니다.\n2. 지름은 원을 똑같이 둘로 나눕니다.\n3. 지름은 원 안에 그을 수 있는 가장 긴 선분입니다.\n4. 한 원에는 지름과 반지름을 무수히 많이 그을 수 있습니다.\n5. 한 원에서 원의 반지름은 모두 같습니다.\n6. 한 원에서 원의 지름은 모두 같습니다.\n7. 한 원에서 지름은 반지름의 2배입니다.\n8. 한 원에서 반지름은 지름의 반입니다.,초등,초3,200,원 , 원의 성질을 알아볼까요,,152,"원의 중심, 반지름, 지름을 알고, 그 관계를 이해한다.",856
1721,컴퍼스를 이용하여 원 그리기,2학기,1. 컴퍼스와 자를 준비.\n2. 원의 중심이 되는 점ㅇ를 정합니다.\n3. 자를 이용하여 원의 반지름만큼 컴퍼스를 벌립니다.\n4. 컴퍼스의 침을 점ㅇ에 꽂고 원을 그립니다.,초등,초3,201,원 , 컴퍼스를 이용하여 원을 그려 볼까요,,153,컴퍼스를 이용하여 여러 가지 크기의 원을 그려서 다양한 모양을 꾸밀 수 있다.,862
1722,원을 이용하여 여러 모양을 그리기,2학기,1. 주어진 그림과 똑같이 그리기\n2. 주어진 모양을 그리기 위해 컴퍼스의 침을 어디에 꽂을지 생각합니다.\n3. 컴퍼스로 길이를 재고 똑같이 원을 그리기,초등,초3,202,원 , 원을 이용하여 어러 가지 모양을 그려 볼까요,,153,컴퍼스를 이용하여 여러 가지 크기의 원을 그려서 다양한 모양을 꾸밀 수 있다.,863
11186,규칙을 찾아 원 그리기,2학기,1. 원의 중심은 같게 하고 반지름을 다르게 하여 그리기\n2. 원의 중심은 다르게 하고 반지름은 같게 하여 그리기,초등,초3,202,원 , 원을 이용하여 어러 가지 모양을 그려 볼까요,,153,컴퍼스를 이용하여 여러 가지 크기의 원을 그려서 다양한 모양을 꾸밀 수 있다.,861
1726,분수로 나타내기,2학기,부분은 전체의 얼마인지 분수로 나타낼 때에는 '전체'는 '분모'에 '부분'은 '분자'에 나타냅니다.\n-전체 2묶음 중에서 1묶음은 전체의 $\frac{1}{2}$입니다.,초등,초3,203,분수 , 분수로 나타내어 볼까요,,14,양의 등분할을 통하여 분수를 이해하고 읽고 쓸 수 있다.,53
1727,자연수에 대한 분수만큼은 얼마인지 알아보기,2학기,"12개를 똑같이 4묶음으로 나누면 1묶음은 전체의 $\frac{1}{4}$이고, 1묶음에는 3개 있습니다.\n-12의 $\frac{1}{4}$은 3입니다.",초등,초3,204,분수 , 분수만큼 얼마일까요 (1),,14,양의 등분할을 통하여 분수를 이해하고 읽고 쓸 수 있다.,54
1728,길이에 대한 분수만큼은 얼마인지 알아보기,2학기,"10 cm를 똑같이 5부분으로 나누면 1부분은 전체의 $\frac{1}{5}$이고, 1부분의 길이는 2 cm입니다.\n-10 cm의 $\frac{1}{5}$은 2 cm입니다.",초등,초3,205,분수 , 분수만큼 얼마일까요 (2),,14,양의 등분할을 통하여 분수를 이해하고 읽고 쓸 수 있다.,55
1872,진분수,2학기,"진분수: $\frac{1}{4}$, $\frac{2}{4}$, $\frac{3}{4}$과 같이 분자가 분모보다 작은 분수",초등,초3,206,분수 , 여러 가지 분수를 알아볼까요 (1),,15,단위분수와 진분수의 의미를 알고 그 관계를 설명할 수 있다.,56
1875,자연수,2학기,"1, 2, 3과 같은 수",초등,초3,206,분수 , 여러 가지 분수를 알아볼까요 (1),,15,단위분수와 진분수의 의미를 알고 그 관계를 설명할 수 있다.,57
1873,대분수,2학기,자연수와 진분수로 이루어진 분수\n$1\frac{1}{3}$는 1과 3분의 1이라고 읽는다.,초등,초3,207,분수 , 여러 가지 분수를 알아볼까요 (2),,16,"가분수를 대분수로, 대분수를 가분수로 나타낼 수 있다.",59
1874,가분수,2학기,"가분수: $\frac{4}{4}$, $\frac{5}{4}$와 같이 분자가 분모와 같거나 분모보다 큰 분수",초등,초3,207,분수 , 여러 가지 분수를 알아볼까요 (2),,16,"가분수를 대분수로, 대분수를 가분수로 나타낼 수 있다.",58
1876,대분수를 가분수로 나타내기,2학기,자연수 부분을 가분수로 나타내고 가분수와 진분수를 더한다.,초등,초3,207,분수 , 여러 가지 분수를 알아볼까요 (2),,16,"가분수를 대분수로, 대분수를 가분수로 나타낼 수 있다.",60
1877,가분수를 대분수로 나타내기,2학기,가분수를 자연수가 되도록 하는 가분수와 진분수로 떨어뜨린 다음 대분수로 나타낸다.,초등,초3,207,분수 , 여러 가지 분수를 알아볼까요 (2),,16,"가분수를 대분수로, 대분수를 가분수로 나타낼 수 있다.",61
1880,분모가 같은 가분수와 대분수의 크기 비교,2학기,가분수 또는 대분수로 나타내어 분수의 크기를 비교한다.,초등,초3,208,분수 , 분모가 같은 분수의 크기를 비교해 볼까요,,17,"분모가 같은 분수끼리, 단위분수끼리 크기를 비교할 수 있다.",67
1878,분모가 같은 가분수의 크기 비교,2학기,분자의 크기가 큰 가분수가 더 크다.,초등,초3,208,분수 , 분모가 같은 분수의 크기를 비교해 볼까요,,17,"분모가 같은 분수끼리, 단위분수끼리 크기를 비교할 수 있다.",65
1933,몇 L 몇 mL와 몇 mL로 나타내기,2학기,1L보다 300mL 더 많은 들이를 1L 300mL라 쓰고 1리터 300밀리리터라고 읽는다.\n$1L300mL=1300mL$,초등,초3,210,들이와 무게 , 들이의 단위는 무엇일까요,,248,"1L와 1mL의 관계를 이해하고, 들이를 단명수와 복명수로 표현할 수 있다.",1324
1934,들이의 어림,2학기,-들이를 어림하여 말할 때에는 약 몇 L 또는 약 몇 mL라고 합니다.\n-들이를 어림하는 방법\n1. 일정한 양으로 몇 번쯤 들어갈지 생각하여 어림하기\n2. 기준이 되는 들이와 비교하여 어림하기\n3. 들이를 나누어 어림하기,초등,초3,211,들이와 무게 , 들이를 어림하고 재어 볼까요,,247,"들이를 나타내는 표준 단위의 필요성을 인식하여 1L와 1mL의 단위를 알고, 이를 이용하여 들이를 측정하고 어림할 수 있다.",1322
1935,들이의 덧셈과 뺄셈,2학기,"L는 L끼리, mL는 mL끼리 단위를 맞추어 더하거나 뺀다\n참고) mL끼리의 합이 $1000$보다 크거나 같으면 1000mL를 1L로 받아 올림한다. mL끼리 뺄 수 없을 때에는 1L를 1000mL로 받아 내림한다.",초등,초3,212,들이와 무게 , 들이의 덧셈과 뺄셈을 해 볼까요,,249,실생활 문제 상황을 통하여 들이의 덧셈과 뺄셈을 할 수 있다.,1325
1961,몇 kg 몇 g과 몇 g으로 나타내기,2학기,1kg보다 400g 더 무거운 무게를 1kg 400g이라고 쓰고 1킬로그램 400그램이라고 읽는다.\n$1kg400g=1400g$,초등,초3,214,들이와 무게 , 무게의 단위는 무엇일까요,,251,"1kg과 1g의 관계를 이해하고, 무게를 단명수와 복명수로 표현할 수 있다",1328
1962,무게의 어림,2학기,-무게를 어림하여 말할 때에는 약 몇 kg 또는 약 몇 g이라고 합니다.\n-무게를 어림하는 방법\n1. 일정한 무게로 몇 번인지 생각하여 어림하기\n2. 기준이 되는 무게와 비교하여 어림하기\n3. 무게를 나누어 어림하기,초등,초3,215,들이와 무게 , 무게를 어림하고 재어 볼까요,,250,"무게를 나타내는 표준 단위의 필요성을 인식하여 1g과 1kg의 단위를 알고, 이를 이용하여 무게를 측정하고 어림할 수 있다.",1327
1963,무게의 덧셈과 뺄셈,2학기,"kg은 kg끼리, g은 g끼리 단위를 맞추어 더하거나 뺀다.\n참고) g끼리의 합이 $1000$보다 크거나 같으면 1000 g을 1 kg으로 받아 올림한다.\ng끼리 뺄 수 없을 때에는 1 kg을 1000 g으로 받아 내림한다.",초등,초3,216,들이와 무게 , 무게의 덧셈과 뺄셈을 해 볼까요,,253,실생활 문제 상황을 통하여 무게의 덧셈과 뺄셈을 이해한다.,1330
1982,표,2학기,어떤 내용을 일정한 형식과 순서에 따라 보기 쉽게 나타낸 것.\n자료를 표로 나타내면 항목별로 조사한 수를 알기 쉽다.,초등,초3,217,자료의 정리 , 표에서 무엇을 알 수 있을까요,,293,"분류한 자료를 표로 나타내고, 표로 나타내면 편리한 점을 말할 수 있다.",1448
1983,자료를 수집하여 표로 나타내는 방법,2학기,1. 조사할 내용 정하기\n2. 자료를 수집할 방법 정하기\n3. 자료 수집하기\n4. 조사한 결과를 표로 나타내기,초등,초3,218,자료의 정리 , 자료를 수집하여 표로 나타내어 볼까요,,293,"분류한 자료를 표로 나타내고, 표로 나타내면 편리한 점을 말할 수 있다.",1449
1984,그림그래프,2학기,알려고 하는 수(조사한 수)를 그림으로 나타낸 그래프,초등,초3,219,자료의 정리 , 그림그래프를 알아볼까요,,295,실생활 자료를 수집하여 그림그래프로 나타낼 수 있다.,1451
1985,그림그래프로 나타내기,2학기,1. 그림을 몇 가지로 나타낼지 정하기\n2. 어떤 그림으로 나타낼지 정하기\n3. 그림의 단위 정하기\n4. 그림그래프로 나타내기,초등,초3,220,자료의 정리 , 그림그래프로 나타내어 볼까요,,295,실생활 자료를 수집하여 그림그래프로 나타낼 수 있다.,1452
